USE [DB_TRICONE]
GO
SET IDENTITY_INSERT [dbo].[MS_SUPIR] ON 

INSERT [dbo].[MS_SUPIR] ([ID_SUPIR], [NAMA_SUPIR], [ALAMAT], [NO_TELEPON], [CREATED_DATE], [MODIFIED_DATE]) VALUES (1006, N'Sunaryo', N'jakarta', N'081212637463', CAST(N'2021-01-24T22:16:54.003' AS DateTime), CAST(N'2021-01-24T22:16:54.003' AS DateTime))
INSERT [dbo].[MS_SUPIR] ([ID_SUPIR], [NAMA_SUPIR], [ALAMAT], [NO_TELEPON], [CREATED_DATE], [MODIFIED_DATE]) VALUES (1007, N'Bambang', N'jakarta', N'081238234342', CAST(N'2021-01-24T22:17:19.800' AS DateTime), CAST(N'2021-01-24T22:17:19.800' AS DateTime))
INSERT [dbo].[MS_SUPIR] ([ID_SUPIR], [NAMA_SUPIR], [ALAMAT], [NO_TELEPON], [CREATED_DATE], [MODIFIED_DATE]) VALUES (1008, N'Eko Mahsuni', N'Jakarta', N'081243548378', CAST(N'2021-01-24T22:18:12.990' AS DateTime), CAST(N'2021-01-24T22:18:12.990' AS DateTime))
INSERT [dbo].[MS_SUPIR] ([ID_SUPIR], [NAMA_SUPIR], [ALAMAT], [NO_TELEPON], [CREATED_DATE], [MODIFIED_DATE]) VALUES (1009, N'Aris Hidayat', N'jakarta', N'081238263938', CAST(N'2021-01-24T22:18:55.410' AS DateTime), CAST(N'2021-01-24T22:18:55.410' AS DateTime))
INSERT [dbo].[MS_SUPIR] ([ID_SUPIR], [NAMA_SUPIR], [ALAMAT], [NO_TELEPON], [CREATED_DATE], [MODIFIED_DATE]) VALUES (1010, N'Hanggara', N'jakarta', N'081293750293', CAST(N'2021-01-24T22:19:30.557' AS DateTime), CAST(N'2021-01-24T22:19:30.557' AS DateTime))
INSERT [dbo].[MS_SUPIR] ([ID_SUPIR], [NAMA_SUPIR], [ALAMAT], [NO_TELEPON], [CREATED_DATE], [MODIFIED_DATE]) VALUES (1011, N'Waluyo', N'jakarta', N'081212621829', CAST(N'2021-01-24T22:19:55.420' AS DateTime), CAST(N'2021-01-24T22:19:55.420' AS DateTime))
INSERT [dbo].[MS_SUPIR] ([ID_SUPIR], [NAMA_SUPIR], [ALAMAT], [NO_TELEPON], [CREATED_DATE], [MODIFIED_DATE]) VALUES (1012, N'Kusnendar', N'Jakarta', N'081238273819', CAST(N'2021-01-24T22:20:32.900' AS DateTime), CAST(N'2021-01-24T22:20:32.900' AS DateTime))
INSERT [dbo].[MS_SUPIR] ([ID_SUPIR], [NAMA_SUPIR], [ALAMAT], [NO_TELEPON], [CREATED_DATE], [MODIFIED_DATE]) VALUES (1013, N'Rustam aji', N'jakarta', N'081230283392', CAST(N'2021-01-24T22:21:17.130' AS DateTime), CAST(N'2021-01-24T22:21:17.130' AS DateTime))
SET IDENTITY_INSERT [dbo].[MS_SUPIR] OFF
GO
SET IDENTITY_INSERT [dbo].[MS_PROVINSI] ON 

INSERT [dbo].[MS_PROVINSI] ([ID_PROVINSI], [NAMA_PROVINSI], [CREATED_DATE], [MODIFIED_DATE]) VALUES (1, N'NANGGROE ACEH DARUSSALAM', NULL, NULL)
INSERT [dbo].[MS_PROVINSI] ([ID_PROVINSI], [NAMA_PROVINSI], [CREATED_DATE], [MODIFIED_DATE]) VALUES (2, N'SUMATERA UTARA', NULL, NULL)
INSERT [dbo].[MS_PROVINSI] ([ID_PROVINSI], [NAMA_PROVINSI], [CREATED_DATE], [MODIFIED_DATE]) VALUES (3, N'SUMATERA BARAT', NULL, NULL)
INSERT [dbo].[MS_PROVINSI] ([ID_PROVINSI], [NAMA_PROVINSI], [CREATED_DATE], [MODIFIED_DATE]) VALUES (4, N'RIAU', NULL, NULL)
INSERT [dbo].[MS_PROVINSI] ([ID_PROVINSI], [NAMA_PROVINSI], [CREATED_DATE], [MODIFIED_DATE]) VALUES (5, N'KEPULAUAN RIAU', NULL, NULL)
INSERT [dbo].[MS_PROVINSI] ([ID_PROVINSI], [NAMA_PROVINSI], [CREATED_DATE], [MODIFIED_DATE]) VALUES (6, N'JAMBI', NULL, NULL)
INSERT [dbo].[MS_PROVINSI] ([ID_PROVINSI], [NAMA_PROVINSI], [CREATED_DATE], [MODIFIED_DATE]) VALUES (7, N'BENGKULU', NULL, NULL)
INSERT [dbo].[MS_PROVINSI] ([ID_PROVINSI], [NAMA_PROVINSI], [CREATED_DATE], [MODIFIED_DATE]) VALUES (8, N'SUMATERA SELATAN', NULL, NULL)
INSERT [dbo].[MS_PROVINSI] ([ID_PROVINSI], [NAMA_PROVINSI], [CREATED_DATE], [MODIFIED_DATE]) VALUES (9, N'KEPULAUAN BANGKA BELITUNG', NULL, NULL)
INSERT [dbo].[MS_PROVINSI] ([ID_PROVINSI], [NAMA_PROVINSI], [CREATED_DATE], [MODIFIED_DATE]) VALUES (10, N'LAMPUNG', NULL, NULL)
INSERT [dbo].[MS_PROVINSI] ([ID_PROVINSI], [NAMA_PROVINSI], [CREATED_DATE], [MODIFIED_DATE]) VALUES (11, N'BANTEN', NULL, NULL)
INSERT [dbo].[MS_PROVINSI] ([ID_PROVINSI], [NAMA_PROVINSI], [CREATED_DATE], [MODIFIED_DATE]) VALUES (12, N'JAWA BARAT', NULL, NULL)
INSERT [dbo].[MS_PROVINSI] ([ID_PROVINSI], [NAMA_PROVINSI], [CREATED_DATE], [MODIFIED_DATE]) VALUES (13, N'DKI JAKARTA', NULL, NULL)
INSERT [dbo].[MS_PROVINSI] ([ID_PROVINSI], [NAMA_PROVINSI], [CREATED_DATE], [MODIFIED_DATE]) VALUES (14, N'JAWA TENGAH', NULL, NULL)
INSERT [dbo].[MS_PROVINSI] ([ID_PROVINSI], [NAMA_PROVINSI], [CREATED_DATE], [MODIFIED_DATE]) VALUES (15, N'DI YOGYAKARTA', NULL, NULL)
INSERT [dbo].[MS_PROVINSI] ([ID_PROVINSI], [NAMA_PROVINSI], [CREATED_DATE], [MODIFIED_DATE]) VALUES (16, N'JAWA TIMUR', NULL, NULL)
INSERT [dbo].[MS_PROVINSI] ([ID_PROVINSI], [NAMA_PROVINSI], [CREATED_DATE], [MODIFIED_DATE]) VALUES (17, N'BALI', NULL, NULL)
INSERT [dbo].[MS_PROVINSI] ([ID_PROVINSI], [NAMA_PROVINSI], [CREATED_DATE], [MODIFIED_DATE]) VALUES (18, N'NUSA TENGGARA BARAT', NULL, NULL)
INSERT [dbo].[MS_PROVINSI] ([ID_PROVINSI], [NAMA_PROVINSI], [CREATED_DATE], [MODIFIED_DATE]) VALUES (19, N'NUSA TENGGARA TIMUR', NULL, NULL)
INSERT [dbo].[MS_PROVINSI] ([ID_PROVINSI], [NAMA_PROVINSI], [CREATED_DATE], [MODIFIED_DATE]) VALUES (20, N'KALIMANTAN BARAT', NULL, NULL)
INSERT [dbo].[MS_PROVINSI] ([ID_PROVINSI], [NAMA_PROVINSI], [CREATED_DATE], [MODIFIED_DATE]) VALUES (21, N'KALIMANTAN SELATAN', NULL, NULL)
INSERT [dbo].[MS_PROVINSI] ([ID_PROVINSI], [NAMA_PROVINSI], [CREATED_DATE], [MODIFIED_DATE]) VALUES (22, N'KALIMANTAN TENGAH', NULL, NULL)
INSERT [dbo].[MS_PROVINSI] ([ID_PROVINSI], [NAMA_PROVINSI], [CREATED_DATE], [MODIFIED_DATE]) VALUES (23, N'KALIMANTAN TIMUR', NULL, NULL)
INSERT [dbo].[MS_PROVINSI] ([ID_PROVINSI], [NAMA_PROVINSI], [CREATED_DATE], [MODIFIED_DATE]) VALUES (24, N'KALIMANTAN UTARA', NULL, NULL)
INSERT [dbo].[MS_PROVINSI] ([ID_PROVINSI], [NAMA_PROVINSI], [CREATED_DATE], [MODIFIED_DATE]) VALUES (25, N'GORONTALO', NULL, NULL)
INSERT [dbo].[MS_PROVINSI] ([ID_PROVINSI], [NAMA_PROVINSI], [CREATED_DATE], [MODIFIED_DATE]) VALUES (26, N'SULAWESI BARAT', NULL, NULL)
INSERT [dbo].[MS_PROVINSI] ([ID_PROVINSI], [NAMA_PROVINSI], [CREATED_DATE], [MODIFIED_DATE]) VALUES (27, N'SULAWESI SELATAN', NULL, NULL)
INSERT [dbo].[MS_PROVINSI] ([ID_PROVINSI], [NAMA_PROVINSI], [CREATED_DATE], [MODIFIED_DATE]) VALUES (28, N'SULAWESI TENGGARA', NULL, NULL)
INSERT [dbo].[MS_PROVINSI] ([ID_PROVINSI], [NAMA_PROVINSI], [CREATED_DATE], [MODIFIED_DATE]) VALUES (29, N'SULAWESI TENGAH', NULL, NULL)
INSERT [dbo].[MS_PROVINSI] ([ID_PROVINSI], [NAMA_PROVINSI], [CREATED_DATE], [MODIFIED_DATE]) VALUES (30, N'SULAWESI UTARA', NULL, NULL)
INSERT [dbo].[MS_PROVINSI] ([ID_PROVINSI], [NAMA_PROVINSI], [CREATED_DATE], [MODIFIED_DATE]) VALUES (31, N'MALUKU', NULL, NULL)
INSERT [dbo].[MS_PROVINSI] ([ID_PROVINSI], [NAMA_PROVINSI], [CREATED_DATE], [MODIFIED_DATE]) VALUES (32, N'MALUKU UTARA', NULL, NULL)
INSERT [dbo].[MS_PROVINSI] ([ID_PROVINSI], [NAMA_PROVINSI], [CREATED_DATE], [MODIFIED_DATE]) VALUES (33, N'PAPUA', NULL, NULL)
INSERT [dbo].[MS_PROVINSI] ([ID_PROVINSI], [NAMA_PROVINSI], [CREATED_DATE], [MODIFIED_DATE]) VALUES (34, N'PAPUA BARAT', NULL, NULL)
SET IDENTITY_INSERT [dbo].[MS_PROVINSI] OFF
GO
SET IDENTITY_INSERT [dbo].[MS_KOTA] ON 

INSERT [dbo].[MS_KOTA] ([ID_KOTA], [NAMA_KOTA], [ID_PROVINSI], [CREATED_DATE], [MODIFIED_DATE]) VALUES (1, N'JAKARTA', 13, CAST(N'2021-01-18T13:03:55.830' AS DateTime), CAST(N'2021-01-18T13:05:20.597' AS DateTime))
INSERT [dbo].[MS_KOTA] ([ID_KOTA], [NAMA_KOTA], [ID_PROVINSI], [CREATED_DATE], [MODIFIED_DATE]) VALUES (2, N'DEPOK', 12, CAST(N'2021-01-18T13:04:05.177' AS DateTime), CAST(N'2021-01-18T13:05:33.670' AS DateTime))
INSERT [dbo].[MS_KOTA] ([ID_KOTA], [NAMA_KOTA], [ID_PROVINSI], [CREATED_DATE], [MODIFIED_DATE]) VALUES (3, N'BEKASI', 12, CAST(N'2021-01-18T13:04:24.393' AS DateTime), CAST(N'2021-01-18T13:05:44.857' AS DateTime))
INSERT [dbo].[MS_KOTA] ([ID_KOTA], [NAMA_KOTA], [ID_PROVINSI], [CREATED_DATE], [MODIFIED_DATE]) VALUES (4, N'BOGOR', 12, CAST(N'2021-01-18T13:04:34.513' AS DateTime), CAST(N'2021-01-18T13:05:57.803' AS DateTime))
INSERT [dbo].[MS_KOTA] ([ID_KOTA], [NAMA_KOTA], [ID_PROVINSI], [CREATED_DATE], [MODIFIED_DATE]) VALUES (5, N'SENTUL', 12, CAST(N'2021-01-18T13:06:10.380' AS DateTime), CAST(N'2021-01-18T13:06:10.380' AS DateTime))
INSERT [dbo].[MS_KOTA] ([ID_KOTA], [NAMA_KOTA], [ID_PROVINSI], [CREATED_DATE], [MODIFIED_DATE]) VALUES (6, N'CISARUA', 12, CAST(N'2021-01-18T13:06:24.627' AS DateTime), CAST(N'2021-01-18T13:06:24.627' AS DateTime))
INSERT [dbo].[MS_KOTA] ([ID_KOTA], [NAMA_KOTA], [ID_PROVINSI], [CREATED_DATE], [MODIFIED_DATE]) VALUES (7, N'KARAWANG', 12, CAST(N'2021-01-18T13:06:34.767' AS DateTime), CAST(N'2021-01-18T13:06:34.767' AS DateTime))
INSERT [dbo].[MS_KOTA] ([ID_KOTA], [NAMA_KOTA], [ID_PROVINSI], [CREATED_DATE], [MODIFIED_DATE]) VALUES (8, N'SUKABUMI', 12, CAST(N'2021-01-18T13:07:07.290' AS DateTime), CAST(N'2021-01-18T13:07:07.290' AS DateTime))
INSERT [dbo].[MS_KOTA] ([ID_KOTA], [NAMA_KOTA], [ID_PROVINSI], [CREATED_DATE], [MODIFIED_DATE]) VALUES (9, N'CIBODAS', 12, CAST(N'2021-01-18T13:07:24.873' AS DateTime), CAST(N'2021-01-18T13:07:24.873' AS DateTime))
INSERT [dbo].[MS_KOTA] ([ID_KOTA], [NAMA_KOTA], [ID_PROVINSI], [CREATED_DATE], [MODIFIED_DATE]) VALUES (10, N'CIMACAN', 12, CAST(N'2021-01-18T13:07:34.703' AS DateTime), CAST(N'2021-01-18T13:07:34.703' AS DateTime))
INSERT [dbo].[MS_KOTA] ([ID_KOTA], [NAMA_KOTA], [ID_PROVINSI], [CREATED_DATE], [MODIFIED_DATE]) VALUES (11, N'CIPANAS', 12, CAST(N'2021-01-18T13:07:44.287' AS DateTime), CAST(N'2021-01-18T13:07:44.287' AS DateTime))
INSERT [dbo].[MS_KOTA] ([ID_KOTA], [NAMA_KOTA], [ID_PROVINSI], [CREATED_DATE], [MODIFIED_DATE]) VALUES (12, N'PURWAKARTA', 12, CAST(N'2021-01-18T13:07:58.180' AS DateTime), CAST(N'2021-01-18T13:07:58.180' AS DateTime))
INSERT [dbo].[MS_KOTA] ([ID_KOTA], [NAMA_KOTA], [ID_PROVINSI], [CREATED_DATE], [MODIFIED_DATE]) VALUES (13, N'CIMAHI', 12, CAST(N'2021-01-18T13:08:07.757' AS DateTime), CAST(N'2021-01-18T13:08:07.757' AS DateTime))
INSERT [dbo].[MS_KOTA] ([ID_KOTA], [NAMA_KOTA], [ID_PROVINSI], [CREATED_DATE], [MODIFIED_DATE]) VALUES (14, N'BANDUNG', 12, CAST(N'2021-01-18T13:08:14.877' AS DateTime), CAST(N'2021-01-18T13:08:14.877' AS DateTime))
INSERT [dbo].[MS_KOTA] ([ID_KOTA], [NAMA_KOTA], [ID_PROVINSI], [CREATED_DATE], [MODIFIED_DATE]) VALUES (15, N'CIWIDEY', 12, CAST(N'2021-01-18T13:08:23.530' AS DateTime), CAST(N'2021-01-18T13:08:23.530' AS DateTime))
INSERT [dbo].[MS_KOTA] ([ID_KOTA], [NAMA_KOTA], [ID_PROVINSI], [CREATED_DATE], [MODIFIED_DATE]) VALUES (16, N'PENGALENGAN', 12, CAST(N'2021-01-18T13:08:41.410' AS DateTime), CAST(N'2021-01-18T13:08:41.410' AS DateTime))
INSERT [dbo].[MS_KOTA] ([ID_KOTA], [NAMA_KOTA], [ID_PROVINSI], [CREATED_DATE], [MODIFIED_DATE]) VALUES (17, N'SUMEDANG', 12, CAST(N'2021-01-18T13:08:52.617' AS DateTime), CAST(N'2021-01-18T13:08:52.617' AS DateTime))
INSERT [dbo].[MS_KOTA] ([ID_KOTA], [NAMA_KOTA], [ID_PROVINSI], [CREATED_DATE], [MODIFIED_DATE]) VALUES (18, N'GARUT', 12, CAST(N'2021-01-18T13:09:06.457' AS DateTime), CAST(N'2021-01-18T13:09:06.457' AS DateTime))
INSERT [dbo].[MS_KOTA] ([ID_KOTA], [NAMA_KOTA], [ID_PROVINSI], [CREATED_DATE], [MODIFIED_DATE]) VALUES (19, N'TASIKMALAYA', 12, CAST(N'2021-01-18T13:09:14.797' AS DateTime), CAST(N'2021-01-18T13:09:14.797' AS DateTime))
INSERT [dbo].[MS_KOTA] ([ID_KOTA], [NAMA_KOTA], [ID_PROVINSI], [CREATED_DATE], [MODIFIED_DATE]) VALUES (20, N'SAWARNA', 12, CAST(N'2021-01-18T13:09:25.327' AS DateTime), CAST(N'2021-01-18T13:09:25.327' AS DateTime))
INSERT [dbo].[MS_KOTA] ([ID_KOTA], [NAMA_KOTA], [ID_PROVINSI], [CREATED_DATE], [MODIFIED_DATE]) VALUES (21, N'KUNINGAN', 12, CAST(N'2021-01-18T13:09:36.500' AS DateTime), CAST(N'2021-01-18T13:09:36.500' AS DateTime))
INSERT [dbo].[MS_KOTA] ([ID_KOTA], [NAMA_KOTA], [ID_PROVINSI], [CREATED_DATE], [MODIFIED_DATE]) VALUES (22, N'CIREBON', 12, CAST(N'2021-01-18T13:09:54.230' AS DateTime), CAST(N'2021-01-18T13:09:54.230' AS DateTime))
INSERT [dbo].[MS_KOTA] ([ID_KOTA], [NAMA_KOTA], [ID_PROVINSI], [CREATED_DATE], [MODIFIED_DATE]) VALUES (23, N'TANGERANG', 11, CAST(N'2021-01-18T13:10:08.700' AS DateTime), CAST(N'2021-01-18T13:10:08.700' AS DateTime))
INSERT [dbo].[MS_KOTA] ([ID_KOTA], [NAMA_KOTA], [ID_PROVINSI], [CREATED_DATE], [MODIFIED_DATE]) VALUES (24, N'SERANG', 11, CAST(N'2021-01-18T13:11:24.787' AS DateTime), CAST(N'2021-01-18T13:11:24.787' AS DateTime))
INSERT [dbo].[MS_KOTA] ([ID_KOTA], [NAMA_KOTA], [ID_PROVINSI], [CREATED_DATE], [MODIFIED_DATE]) VALUES (25, N'CARITA', 11, CAST(N'2021-01-18T13:11:36.323' AS DateTime), CAST(N'2021-01-18T13:11:36.323' AS DateTime))
INSERT [dbo].[MS_KOTA] ([ID_KOTA], [NAMA_KOTA], [ID_PROVINSI], [CREATED_DATE], [MODIFIED_DATE]) VALUES (26, N'ANYER', 11, CAST(N'2021-01-18T13:12:05.243' AS DateTime), CAST(N'2021-01-18T13:12:05.243' AS DateTime))
INSERT [dbo].[MS_KOTA] ([ID_KOTA], [NAMA_KOTA], [ID_PROVINSI], [CREATED_DATE], [MODIFIED_DATE]) VALUES (27, N'BOGOR 2', 12, CAST(N'2021-01-18T13:13:12.977' AS DateTime), CAST(N'2021-01-18T13:13:12.977' AS DateTime))
INSERT [dbo].[MS_KOTA] ([ID_KOTA], [NAMA_KOTA], [ID_PROVINSI], [CREATED_DATE], [MODIFIED_DATE]) VALUES (28, N'SUKABUMI 2', 12, CAST(N'2021-01-18T13:13:23.083' AS DateTime), CAST(N'2021-01-18T13:14:32.260' AS DateTime))
INSERT [dbo].[MS_KOTA] ([ID_KOTA], [NAMA_KOTA], [ID_PROVINSI], [CREATED_DATE], [MODIFIED_DATE]) VALUES (29, N'PANGANDARAN 3', 12, CAST(N'2021-01-18T13:14:48.403' AS DateTime), CAST(N'2021-01-18T13:14:48.403' AS DateTime))
INSERT [dbo].[MS_KOTA] ([ID_KOTA], [NAMA_KOTA], [ID_PROVINSI], [CREATED_DATE], [MODIFIED_DATE]) VALUES (30, N'PEKALONGAN 3', 14, CAST(N'2021-01-18T13:15:38.407' AS DateTime), CAST(N'2021-01-18T13:15:38.407' AS DateTime))
INSERT [dbo].[MS_KOTA] ([ID_KOTA], [NAMA_KOTA], [ID_PROVINSI], [CREATED_DATE], [MODIFIED_DATE]) VALUES (31, N'YOGYAKARTA 4', 14, CAST(N'2021-01-18T13:15:52.420' AS DateTime), CAST(N'2021-01-18T13:15:52.420' AS DateTime))
INSERT [dbo].[MS_KOTA] ([ID_KOTA], [NAMA_KOTA], [ID_PROVINSI], [CREATED_DATE], [MODIFIED_DATE]) VALUES (32, N'ANTAR / JEMPUT (JAKARTA)', 13, CAST(N'2021-01-18T14:25:54.800' AS DateTime), CAST(N'2021-01-18T14:26:50.710' AS DateTime))
SET IDENTITY_INSERT [dbo].[MS_KOTA] OFF
GO
SET IDENTITY_INSERT [dbo].[MS_JENIS_KENDARAAN] ON 

INSERT [dbo].[MS_JENIS_KENDARAAN] ([ID_JENIS_KENDARAAN], [NAMA_KENDARAAN], [CREATED_DATE], [MODIFIED_DATE]) VALUES (5, N'Shuttle', CAST(N'2021-01-04T10:25:27.037' AS DateTime), CAST(N'2021-01-24T00:01:34.490' AS DateTime))
INSERT [dbo].[MS_JENIS_KENDARAAN] ([ID_JENIS_KENDARAAN], [NAMA_KENDARAAN], [CREATED_DATE], [MODIFIED_DATE]) VALUES (6, N'Medium Bus', CAST(N'2021-01-04T10:25:32.143' AS DateTime), CAST(N'2021-01-04T10:25:32.143' AS DateTime))
INSERT [dbo].[MS_JENIS_KENDARAAN] ([ID_JENIS_KENDARAAN], [NAMA_KENDARAAN], [CREATED_DATE], [MODIFIED_DATE]) VALUES (7, N'Big Bus', CAST(N'2021-01-04T10:25:38.253' AS DateTime), CAST(N'2021-01-04T10:25:38.253' AS DateTime))
SET IDENTITY_INSERT [dbo].[MS_JENIS_KENDARAAN] OFF
GO
SET IDENTITY_INSERT [dbo].[MS_KENDARAAN] ON 

INSERT [dbo].[MS_KENDARAAN] ([ID_KENDARAAN], [ID_JENIS_KENDARAAN], [JUMLAH_SEAT], [JUMLAH_KENDARAAN], [STATUS], [CREATED_DATE], [MODIFIED_DATE], [pathFoto], [FASILITAS], [DESKRIPSI]) VALUES (1, 5, 15, 20, 1, CAST(N'2021-01-12T16:08:35.057' AS DateTime), CAST(N'2021-01-23T23:59:23.130' AS DateTime), N'elf120210112160835035.PNG', N'1. Engine by Toyota
2. Air Conditioner (AC)
3. Captain Seat 
4. Chairs are more elegant 
5. Max capacity 15 
6. A/V Charger 
7. Audio, Mic 
8. Manufacture Year 2019 
9. Reading lamp 
10. Android TV''', N'Shuttle serve passengers with a maximum number of passengers only 50 percent.
Vehicles are also ensured to be clean before use because they have gone through the disinfectant spraying process.
In addition, Tricone Travel ensures drivers and employees are Covid-19 free by conducting a quick test every two weeks and spraying disinfectant to sterilize all Shuttle before and after operating.
Spraying is carried out on all areas that are frequently touched by customers, such as the handgrip (Shuttle handle),
Shuttle door handles, seats and seats. In addition to cleaning on the Shuttle, to cultivate a clean lifestyle while following health protocols,Tricone Travel also provides hand sanitizer and masks on the Shuttle.
Your trip will be more enjoyable and memorable when using our new and young tour vehicle,supported by friendly and experienced cabin crew.
We provide a Hiace Commuter with a maximum size of 15 passengers which is very comfortable to use as a tour vehicle with small groups.
This car is equipped with elegant and wider seats, and there are other supporting media such as Android TV, Audio / Mic, AC, HP Charger, and luggage in a separate compartment.')
INSERT [dbo].[MS_KENDARAAN] ([ID_KENDARAAN], [ID_JENIS_KENDARAAN], [JUMLAH_SEAT], [JUMLAH_KENDARAAN], [STATUS], [CREATED_DATE], [MODIFIED_DATE], [pathFoto], [FASILITAS], [DESKRIPSI]) VALUES (2, 6, 31, 20, 1, CAST(N'2021-01-18T13:20:12.173' AS DateTime), CAST(N'2021-01-24T00:00:34.360' AS DateTime), N'Bus Megati Medium120210119093737205.JPG', N'1.  Engine by Mitshubisi, Isuzu
2.  Air conditioner
3.  Max capacity 31 - 33
4.  Audio, Mic
5.  Pillow
6.  A / V Charger
7.  Luggage Compartment
8.  Manufacture Year 2017-2020
9.  Android TV
10. Reading lamp
11. Blanket (optional)', N'Medium Bus serve passengers with a maximum number of passengers only 50 percent. Vehicles are also ensured to be clean before use because they have gone through the disinfectant spraying process.
In addition, Tricone Travel ensures drivers and employees are Covid-19 free by conducting a quick test every two weeks and spraying disinfectant to sterilize all buses before and after operating.
Spraying is carried out on all areas that are frequently touched by customers, such as the handgrip (bus handle), bus door handles, seats and seats. In addition to cleaning on the bus, to cultivate a clean lifestyle while following health protocols, Tricone Travel also provides hand sanitizer and masks on the Medium Bus.
Your trip will be more enjoyable and memorable when using our new and young tour vehicle,supported by friendly and experienced cabin crew. With a small group, you can use the medium bus that we provide with a capacity of 20 to 35 seats in normal conditions.')
INSERT [dbo].[MS_KENDARAAN] ([ID_KENDARAAN], [ID_JENIS_KENDARAAN], [JUMLAH_SEAT], [JUMLAH_KENDARAAN], [STATUS], [CREATED_DATE], [MODIFIED_DATE], [pathFoto], [FASILITAS], [DESKRIPSI]) VALUES (3, 7, 59, 20, 1, CAST(N'2021-01-18T13:20:42.580' AS DateTime), CAST(N'2021-01-24T00:01:14.143' AS DateTime), N'blue-star20210119093751227.PNG', N'Engine by Hino
Air conditioner
Max capacity 50
Seating configurations 2-2 or 2-3
Audio, Mic
Pillow
A / V Charger
Luggage Compartment
Manufacture Year 2017
Reading lamp
Android TV
Blanket (optional)', N'Big Bus serve passengers with a maximum number of passengers only 50 percent. Vehicles are also ensured to be clean before use because they have gone through the disinfectant spraying process.
In addition, Tricone Travel ensures drivers and employees are Covid-19 free by conducting a quick test every two weeks and spraying disinfectant to sterilize all buses before and after operating.
Spraying is carried out on all areas that are frequently touched by customers, such as the handgrip (bus handle), bus door handles, seats and seats. In addition to cleaning on the bus, to cultivate a clean lifestyle while following health protocols, Tricone Travel also provides hand sanitizer and masks on the Big Bus.
Your trip will feel comfortable with the big buss fleet. Using a Mercedes Benz engine with various series. Meanwhile, the bus body uses the Adiputro body. We are more concerned with seating 2-2 so as to provide comfort for our customers.')
SET IDENTITY_INSERT [dbo].[MS_KENDARAAN] OFF
GO
SET IDENTITY_INSERT [dbo].[TBL_HARGA] ON 

INSERT [dbo].[TBL_HARGA] ([ID_HARGA], [ID_KENDARAAN], [ID_KOTA], [DURASI], [HARGA], [CREATED_DATE], [MODIFIED_DATE]) VALUES (1, 1, 1, 1, 1000000, CAST(N'2021-01-18T14:22:42.590' AS DateTime), CAST(N'2021-01-18T14:22:42.590' AS DateTime))
INSERT [dbo].[TBL_HARGA] ([ID_HARGA], [ID_KENDARAAN], [ID_KOTA], [DURASI], [HARGA], [CREATED_DATE], [MODIFIED_DATE]) VALUES (2, 1, 32, 1, 1300000, CAST(N'2021-01-18T14:23:09.597' AS DateTime), CAST(N'2021-01-18T14:27:22.833' AS DateTime))
INSERT [dbo].[TBL_HARGA] ([ID_HARGA], [ID_KENDARAAN], [ID_KOTA], [DURASI], [HARGA], [CREATED_DATE], [MODIFIED_DATE]) VALUES (3, 1, 2, 1, 1300000, CAST(N'2021-01-18T14:23:40.707' AS DateTime), CAST(N'2021-01-18T14:25:08.593' AS DateTime))
INSERT [dbo].[TBL_HARGA] ([ID_HARGA], [ID_KENDARAAN], [ID_KOTA], [DURASI], [HARGA], [CREATED_DATE], [MODIFIED_DATE]) VALUES (4, 1, 3, 1, 1300000, CAST(N'2021-01-18T14:24:08.467' AS DateTime), CAST(N'2021-01-18T14:25:13.457' AS DateTime))
INSERT [dbo].[TBL_HARGA] ([ID_HARGA], [ID_KENDARAAN], [ID_KOTA], [DURASI], [HARGA], [CREATED_DATE], [MODIFIED_DATE]) VALUES (5, 1, 4, 1, 1500000, CAST(N'2021-01-18T14:28:00.150' AS DateTime), CAST(N'2021-01-18T14:28:00.150' AS DateTime))
INSERT [dbo].[TBL_HARGA] ([ID_HARGA], [ID_KENDARAAN], [ID_KOTA], [DURASI], [HARGA], [CREATED_DATE], [MODIFIED_DATE]) VALUES (6, 1, 5, 1, 1500000, CAST(N'2021-01-18T14:28:20.077' AS DateTime), CAST(N'2021-01-18T14:28:20.077' AS DateTime))
INSERT [dbo].[TBL_HARGA] ([ID_HARGA], [ID_KENDARAAN], [ID_KOTA], [DURASI], [HARGA], [CREATED_DATE], [MODIFIED_DATE]) VALUES (7, 1, 6, 1, 1600000, CAST(N'2021-01-18T14:28:46.637' AS DateTime), CAST(N'2021-01-18T14:31:15.940' AS DateTime))
INSERT [dbo].[TBL_HARGA] ([ID_HARGA], [ID_KENDARAAN], [ID_KOTA], [DURASI], [HARGA], [CREATED_DATE], [MODIFIED_DATE]) VALUES (8, 1, 7, 1, 1600000, CAST(N'2021-01-18T14:29:13.903' AS DateTime), CAST(N'2021-01-18T14:29:13.903' AS DateTime))
INSERT [dbo].[TBL_HARGA] ([ID_HARGA], [ID_KENDARAAN], [ID_KOTA], [DURASI], [HARGA], [CREATED_DATE], [MODIFIED_DATE]) VALUES (9, 1, 8, 1, 1600000, CAST(N'2021-01-18T14:29:37.433' AS DateTime), CAST(N'2021-01-18T14:31:34.063' AS DateTime))
INSERT [dbo].[TBL_HARGA] ([ID_HARGA], [ID_KENDARAAN], [ID_KOTA], [DURASI], [HARGA], [CREATED_DATE], [MODIFIED_DATE]) VALUES (10, 1, 9, 1, 1700000, CAST(N'2021-01-18T14:30:16.187' AS DateTime), CAST(N'2021-01-18T14:31:57.180' AS DateTime))
INSERT [dbo].[TBL_HARGA] ([ID_HARGA], [ID_KENDARAAN], [ID_KOTA], [DURASI], [HARGA], [CREATED_DATE], [MODIFIED_DATE]) VALUES (11, 1, 10, 1, 1700000, CAST(N'2021-01-18T14:32:36.647' AS DateTime), CAST(N'2021-01-18T14:32:36.647' AS DateTime))
INSERT [dbo].[TBL_HARGA] ([ID_HARGA], [ID_KENDARAAN], [ID_KOTA], [DURASI], [HARGA], [CREATED_DATE], [MODIFIED_DATE]) VALUES (12, 1, 11, 1, 1700000, CAST(N'2021-01-18T14:35:52.980' AS DateTime), CAST(N'2021-01-18T14:39:00.067' AS DateTime))
INSERT [dbo].[TBL_HARGA] ([ID_HARGA], [ID_KENDARAAN], [ID_KOTA], [DURASI], [HARGA], [CREATED_DATE], [MODIFIED_DATE]) VALUES (13, 1, 12, 1, 1700000, CAST(N'2021-01-18T14:37:14.143' AS DateTime), CAST(N'2021-01-18T14:39:21.440' AS DateTime))
INSERT [dbo].[TBL_HARGA] ([ID_HARGA], [ID_KENDARAAN], [ID_KOTA], [DURASI], [HARGA], [CREATED_DATE], [MODIFIED_DATE]) VALUES (14, 1, 13, 1, 1700000, CAST(N'2021-01-18T14:38:45.057' AS DateTime), CAST(N'2021-01-18T14:39:30.313' AS DateTime))
INSERT [dbo].[TBL_HARGA] ([ID_HARGA], [ID_KENDARAAN], [ID_KOTA], [DURASI], [HARGA], [CREATED_DATE], [MODIFIED_DATE]) VALUES (15, 1, 14, 1, 1800000, CAST(N'2021-01-18T14:39:46.210' AS DateTime), CAST(N'2021-01-18T14:39:46.210' AS DateTime))
INSERT [dbo].[TBL_HARGA] ([ID_HARGA], [ID_KENDARAAN], [ID_KOTA], [DURASI], [HARGA], [CREATED_DATE], [MODIFIED_DATE]) VALUES (16, 1, 15, 1, 1900000, CAST(N'2021-01-18T14:41:12.197' AS DateTime), CAST(N'2021-01-18T14:41:12.197' AS DateTime))
INSERT [dbo].[TBL_HARGA] ([ID_HARGA], [ID_KENDARAAN], [ID_KOTA], [DURASI], [HARGA], [CREATED_DATE], [MODIFIED_DATE]) VALUES (17, 1, 16, 1, 1900000, CAST(N'2021-01-18T14:41:26.690' AS DateTime), CAST(N'2021-01-18T14:41:26.690' AS DateTime))
INSERT [dbo].[TBL_HARGA] ([ID_HARGA], [ID_KENDARAAN], [ID_KOTA], [DURASI], [HARGA], [CREATED_DATE], [MODIFIED_DATE]) VALUES (18, 1, 17, 1, 1900000, CAST(N'2021-01-18T14:42:30.220' AS DateTime), CAST(N'2021-01-18T14:42:30.220' AS DateTime))
INSERT [dbo].[TBL_HARGA] ([ID_HARGA], [ID_KENDARAAN], [ID_KOTA], [DURASI], [HARGA], [CREATED_DATE], [MODIFIED_DATE]) VALUES (19, 1, 18, 1, 2000000, CAST(N'2021-01-18T14:46:51.413' AS DateTime), CAST(N'2021-01-18T14:46:51.413' AS DateTime))
INSERT [dbo].[TBL_HARGA] ([ID_HARGA], [ID_KENDARAAN], [ID_KOTA], [DURASI], [HARGA], [CREATED_DATE], [MODIFIED_DATE]) VALUES (20, 1, 19, 1, 2000000, CAST(N'2021-01-18T14:47:23.020' AS DateTime), CAST(N'2021-01-18T14:47:23.020' AS DateTime))
INSERT [dbo].[TBL_HARGA] ([ID_HARGA], [ID_KENDARAAN], [ID_KOTA], [DURASI], [HARGA], [CREATED_DATE], [MODIFIED_DATE]) VALUES (21, 1, 20, 1, 2000000, CAST(N'2021-01-18T14:47:38.563' AS DateTime), CAST(N'2021-01-18T14:47:38.563' AS DateTime))
INSERT [dbo].[TBL_HARGA] ([ID_HARGA], [ID_KENDARAAN], [ID_KOTA], [DURASI], [HARGA], [CREATED_DATE], [MODIFIED_DATE]) VALUES (22, 1, 21, 1, 2000000, CAST(N'2021-01-18T14:48:12.967' AS DateTime), CAST(N'2021-01-18T14:48:12.967' AS DateTime))
INSERT [dbo].[TBL_HARGA] ([ID_HARGA], [ID_KENDARAAN], [ID_KOTA], [DURASI], [HARGA], [CREATED_DATE], [MODIFIED_DATE]) VALUES (23, 1, 22, 1, 2000000, CAST(N'2021-01-18T14:48:34.737' AS DateTime), CAST(N'2021-01-18T14:48:34.737' AS DateTime))
INSERT [dbo].[TBL_HARGA] ([ID_HARGA], [ID_KENDARAAN], [ID_KOTA], [DURASI], [HARGA], [CREATED_DATE], [MODIFIED_DATE]) VALUES (24, 1, 23, 1, 1500000, CAST(N'2021-01-18T14:49:02.657' AS DateTime), CAST(N'2021-01-18T14:49:02.657' AS DateTime))
INSERT [dbo].[TBL_HARGA] ([ID_HARGA], [ID_KENDARAAN], [ID_KOTA], [DURASI], [HARGA], [CREATED_DATE], [MODIFIED_DATE]) VALUES (25, 1, 24, 1, 1800000, CAST(N'2021-01-18T14:49:31.433' AS DateTime), CAST(N'2021-01-18T14:49:31.433' AS DateTime))
INSERT [dbo].[TBL_HARGA] ([ID_HARGA], [ID_KENDARAAN], [ID_KOTA], [DURASI], [HARGA], [CREATED_DATE], [MODIFIED_DATE]) VALUES (26, 1, 25, 1, 1800000, CAST(N'2021-01-18T14:53:09.613' AS DateTime), CAST(N'2021-01-18T14:53:09.613' AS DateTime))
INSERT [dbo].[TBL_HARGA] ([ID_HARGA], [ID_KENDARAAN], [ID_KOTA], [DURASI], [HARGA], [CREATED_DATE], [MODIFIED_DATE]) VALUES (27, 1, 26, 1, 1700000, CAST(N'2021-01-18T14:54:02.427' AS DateTime), CAST(N'2021-01-18T14:54:02.427' AS DateTime))
INSERT [dbo].[TBL_HARGA] ([ID_HARGA], [ID_KENDARAAN], [ID_KOTA], [DURASI], [HARGA], [CREATED_DATE], [MODIFIED_DATE]) VALUES (28, 1, 27, 2, 2600000, CAST(N'2021-01-18T14:55:39.310' AS DateTime), CAST(N'2021-01-18T14:55:39.310' AS DateTime))
INSERT [dbo].[TBL_HARGA] ([ID_HARGA], [ID_KENDARAAN], [ID_KOTA], [DURASI], [HARGA], [CREATED_DATE], [MODIFIED_DATE]) VALUES (29, 1, 28, 2, 3100000, CAST(N'2021-01-18T14:57:14.470' AS DateTime), CAST(N'2021-01-18T14:57:14.470' AS DateTime))
INSERT [dbo].[TBL_HARGA] ([ID_HARGA], [ID_KENDARAAN], [ID_KOTA], [DURASI], [HARGA], [CREATED_DATE], [MODIFIED_DATE]) VALUES (30, 1, 29, 3, 5100000, CAST(N'2021-01-18T14:57:47.093' AS DateTime), CAST(N'2021-01-18T14:57:47.093' AS DateTime))
INSERT [dbo].[TBL_HARGA] ([ID_HARGA], [ID_KENDARAAN], [ID_KOTA], [DURASI], [HARGA], [CREATED_DATE], [MODIFIED_DATE]) VALUES (31, 1, 30, 3, 5400000, CAST(N'2021-01-18T14:58:13.463' AS DateTime), CAST(N'2021-01-18T14:58:13.463' AS DateTime))
INSERT [dbo].[TBL_HARGA] ([ID_HARGA], [ID_KENDARAAN], [ID_KOTA], [DURASI], [HARGA], [CREATED_DATE], [MODIFIED_DATE]) VALUES (32, 1, 31, 4, 6900000, CAST(N'2021-01-18T14:58:41.243' AS DateTime), CAST(N'2021-01-18T14:58:41.243' AS DateTime))
INSERT [dbo].[TBL_HARGA] ([ID_HARGA], [ID_KENDARAAN], [ID_KOTA], [DURASI], [HARGA], [CREATED_DATE], [MODIFIED_DATE]) VALUES (33, 2, 32, 1, 1600000, CAST(N'2021-01-18T14:59:21.970' AS DateTime), CAST(N'2021-01-18T14:59:21.970' AS DateTime))
INSERT [dbo].[TBL_HARGA] ([ID_HARGA], [ID_KENDARAAN], [ID_KOTA], [DURASI], [HARGA], [CREATED_DATE], [MODIFIED_DATE]) VALUES (34, 2, 1, 1, 1900000, CAST(N'2021-01-18T14:59:39.810' AS DateTime), CAST(N'2021-01-18T14:59:39.810' AS DateTime))
INSERT [dbo].[TBL_HARGA] ([ID_HARGA], [ID_KENDARAAN], [ID_KOTA], [DURASI], [HARGA], [CREATED_DATE], [MODIFIED_DATE]) VALUES (35, 2, 2, 1, 1900000, CAST(N'2021-01-18T14:59:56.680' AS DateTime), CAST(N'2021-01-18T14:59:56.680' AS DateTime))
INSERT [dbo].[TBL_HARGA] ([ID_HARGA], [ID_KENDARAAN], [ID_KOTA], [DURASI], [HARGA], [CREATED_DATE], [MODIFIED_DATE]) VALUES (36, 2, 3, 1, 1800000, CAST(N'2021-01-18T15:00:44.890' AS DateTime), CAST(N'2021-01-18T15:00:44.890' AS DateTime))
INSERT [dbo].[TBL_HARGA] ([ID_HARGA], [ID_KENDARAAN], [ID_KOTA], [DURASI], [HARGA], [CREATED_DATE], [MODIFIED_DATE]) VALUES (37, 2, 4, 1, 2000000, CAST(N'2021-01-18T15:01:27.177' AS DateTime), CAST(N'2021-01-18T15:01:27.177' AS DateTime))
INSERT [dbo].[TBL_HARGA] ([ID_HARGA], [ID_KENDARAAN], [ID_KOTA], [DURASI], [HARGA], [CREATED_DATE], [MODIFIED_DATE]) VALUES (38, 2, 5, 1, 2000000, CAST(N'2021-01-18T15:01:58.537' AS DateTime), CAST(N'2021-01-18T15:01:58.537' AS DateTime))
INSERT [dbo].[TBL_HARGA] ([ID_HARGA], [ID_KENDARAAN], [ID_KOTA], [DURASI], [HARGA], [CREATED_DATE], [MODIFIED_DATE]) VALUES (39, 2, 6, 1, 2300000, CAST(N'2021-01-18T15:02:28.470' AS DateTime), CAST(N'2021-01-18T15:02:28.470' AS DateTime))
INSERT [dbo].[TBL_HARGA] ([ID_HARGA], [ID_KENDARAAN], [ID_KOTA], [DURASI], [HARGA], [CREATED_DATE], [MODIFIED_DATE]) VALUES (40, 2, 7, 1, 2300000, CAST(N'2021-01-18T15:02:45.000' AS DateTime), CAST(N'2021-01-18T15:02:45.000' AS DateTime))
INSERT [dbo].[TBL_HARGA] ([ID_HARGA], [ID_KENDARAAN], [ID_KOTA], [DURASI], [HARGA], [CREATED_DATE], [MODIFIED_DATE]) VALUES (41, 2, 8, 1, 2300000, CAST(N'2021-01-18T15:09:29.947' AS DateTime), CAST(N'2021-01-18T15:09:29.947' AS DateTime))
INSERT [dbo].[TBL_HARGA] ([ID_HARGA], [ID_KENDARAAN], [ID_KOTA], [DURASI], [HARGA], [CREATED_DATE], [MODIFIED_DATE]) VALUES (42, 2, 9, 1, 2500000, CAST(N'2021-01-18T15:11:27.150' AS DateTime), CAST(N'2021-01-18T15:12:21.640' AS DateTime))
INSERT [dbo].[TBL_HARGA] ([ID_HARGA], [ID_KENDARAAN], [ID_KOTA], [DURASI], [HARGA], [CREATED_DATE], [MODIFIED_DATE]) VALUES (43, 2, 10, 1, 2500000, CAST(N'2021-01-18T15:14:50.533' AS DateTime), CAST(N'2021-01-18T15:14:50.533' AS DateTime))
INSERT [dbo].[TBL_HARGA] ([ID_HARGA], [ID_KENDARAAN], [ID_KOTA], [DURASI], [HARGA], [CREATED_DATE], [MODIFIED_DATE]) VALUES (44, 2, 11, 1, 2500000, CAST(N'2021-01-18T15:15:48.853' AS DateTime), CAST(N'2021-01-18T15:15:48.853' AS DateTime))
INSERT [dbo].[TBL_HARGA] ([ID_HARGA], [ID_KENDARAAN], [ID_KOTA], [DURASI], [HARGA], [CREATED_DATE], [MODIFIED_DATE]) VALUES (45, 2, 12, 1, 2500000, CAST(N'2021-01-18T15:16:14.887' AS DateTime), CAST(N'2021-01-18T15:16:14.887' AS DateTime))
INSERT [dbo].[TBL_HARGA] ([ID_HARGA], [ID_KENDARAAN], [ID_KOTA], [DURASI], [HARGA], [CREATED_DATE], [MODIFIED_DATE]) VALUES (46, 2, 13, 1, 2800000, CAST(N'2021-01-18T15:16:38.117' AS DateTime), CAST(N'2021-01-18T15:16:38.117' AS DateTime))
INSERT [dbo].[TBL_HARGA] ([ID_HARGA], [ID_KENDARAAN], [ID_KOTA], [DURASI], [HARGA], [CREATED_DATE], [MODIFIED_DATE]) VALUES (47, 2, 14, 1, 2800000, CAST(N'2021-01-18T15:16:57.000' AS DateTime), CAST(N'2021-01-18T15:16:57.000' AS DateTime))
INSERT [dbo].[TBL_HARGA] ([ID_HARGA], [ID_KENDARAAN], [ID_KOTA], [DURASI], [HARGA], [CREATED_DATE], [MODIFIED_DATE]) VALUES (48, 2, 15, 1, 3200000, CAST(N'2021-01-18T15:19:55.297' AS DateTime), CAST(N'2021-01-18T15:19:55.297' AS DateTime))
INSERT [dbo].[TBL_HARGA] ([ID_HARGA], [ID_KENDARAAN], [ID_KOTA], [DURASI], [HARGA], [CREATED_DATE], [MODIFIED_DATE]) VALUES (49, 2, 16, 1, 3200000, CAST(N'2021-01-18T15:20:24.327' AS DateTime), CAST(N'2021-01-18T15:20:24.327' AS DateTime))
INSERT [dbo].[TBL_HARGA] ([ID_HARGA], [ID_KENDARAAN], [ID_KOTA], [DURASI], [HARGA], [CREATED_DATE], [MODIFIED_DATE]) VALUES (50, 2, 17, 1, 3200000, CAST(N'2021-01-18T15:20:45.543' AS DateTime), CAST(N'2021-01-18T15:20:45.543' AS DateTime))
INSERT [dbo].[TBL_HARGA] ([ID_HARGA], [ID_KENDARAAN], [ID_KOTA], [DURASI], [HARGA], [CREATED_DATE], [MODIFIED_DATE]) VALUES (51, 2, 18, 1, 3400000, CAST(N'2021-01-18T15:21:42.940' AS DateTime), CAST(N'2021-01-18T15:21:42.940' AS DateTime))
INSERT [dbo].[TBL_HARGA] ([ID_HARGA], [ID_KENDARAAN], [ID_KOTA], [DURASI], [HARGA], [CREATED_DATE], [MODIFIED_DATE]) VALUES (52, 2, 19, 1, 3400000, CAST(N'2021-01-18T15:22:18.413' AS DateTime), CAST(N'2021-01-18T15:22:18.413' AS DateTime))
INSERT [dbo].[TBL_HARGA] ([ID_HARGA], [ID_KENDARAAN], [ID_KOTA], [DURASI], [HARGA], [CREATED_DATE], [MODIFIED_DATE]) VALUES (53, 2, 20, 1, 3400000, CAST(N'2021-01-18T15:22:37.733' AS DateTime), CAST(N'2021-01-18T15:22:37.733' AS DateTime))
INSERT [dbo].[TBL_HARGA] ([ID_HARGA], [ID_KENDARAAN], [ID_KOTA], [DURASI], [HARGA], [CREATED_DATE], [MODIFIED_DATE]) VALUES (54, 2, 21, 1, 3400000, CAST(N'2021-01-18T15:23:06.957' AS DateTime), CAST(N'2021-01-18T15:23:06.957' AS DateTime))
INSERT [dbo].[TBL_HARGA] ([ID_HARGA], [ID_KENDARAAN], [ID_KOTA], [DURASI], [HARGA], [CREATED_DATE], [MODIFIED_DATE]) VALUES (55, 2, 22, 1, 3400000, CAST(N'2021-01-18T15:23:43.533' AS DateTime), CAST(N'2021-01-18T15:23:43.533' AS DateTime))
INSERT [dbo].[TBL_HARGA] ([ID_HARGA], [ID_KENDARAAN], [ID_KOTA], [DURASI], [HARGA], [CREATED_DATE], [MODIFIED_DATE]) VALUES (56, 2, 23, 1, 1800000, CAST(N'2021-01-18T15:24:30.693' AS DateTime), CAST(N'2021-01-18T15:24:30.693' AS DateTime))
INSERT [dbo].[TBL_HARGA] ([ID_HARGA], [ID_KENDARAAN], [ID_KOTA], [DURASI], [HARGA], [CREATED_DATE], [MODIFIED_DATE]) VALUES (57, 2, 24, 1, 2700000, CAST(N'2021-01-18T15:25:34.873' AS DateTime), CAST(N'2021-01-18T15:25:34.873' AS DateTime))
INSERT [dbo].[TBL_HARGA] ([ID_HARGA], [ID_KENDARAAN], [ID_KOTA], [DURASI], [HARGA], [CREATED_DATE], [MODIFIED_DATE]) VALUES (58, 2, 25, 1, 2700000, CAST(N'2021-01-18T15:25:54.740' AS DateTime), CAST(N'2021-01-18T15:25:54.740' AS DateTime))
INSERT [dbo].[TBL_HARGA] ([ID_HARGA], [ID_KENDARAAN], [ID_KOTA], [DURASI], [HARGA], [CREATED_DATE], [MODIFIED_DATE]) VALUES (59, 2, 26, 1, 2700000, CAST(N'2021-01-18T15:26:13.727' AS DateTime), CAST(N'2021-01-18T15:26:13.727' AS DateTime))
INSERT [dbo].[TBL_HARGA] ([ID_HARGA], [ID_KENDARAAN], [ID_KOTA], [DURASI], [HARGA], [CREATED_DATE], [MODIFIED_DATE]) VALUES (60, 2, 27, 2, 3700000, CAST(N'2021-01-18T15:27:14.990' AS DateTime), CAST(N'2021-01-18T15:27:20.430' AS DateTime))
INSERT [dbo].[TBL_HARGA] ([ID_HARGA], [ID_KENDARAAN], [ID_KOTA], [DURASI], [HARGA], [CREATED_DATE], [MODIFIED_DATE]) VALUES (61, 2, 28, 2, 4400000, CAST(N'2021-01-18T15:27:43.183' AS DateTime), CAST(N'2021-01-18T15:27:43.183' AS DateTime))
INSERT [dbo].[TBL_HARGA] ([ID_HARGA], [ID_KENDARAAN], [ID_KOTA], [DURASI], [HARGA], [CREATED_DATE], [MODIFIED_DATE]) VALUES (62, 2, 29, 3, 8000000, CAST(N'2021-01-18T15:30:29.450' AS DateTime), CAST(N'2021-01-18T15:31:23.247' AS DateTime))
INSERT [dbo].[TBL_HARGA] ([ID_HARGA], [ID_KENDARAAN], [ID_KOTA], [DURASI], [HARGA], [CREATED_DATE], [MODIFIED_DATE]) VALUES (63, 2, 30, 3, 8200000, CAST(N'2021-01-18T15:32:06.237' AS DateTime), CAST(N'2021-01-18T15:32:06.237' AS DateTime))
INSERT [dbo].[TBL_HARGA] ([ID_HARGA], [ID_KENDARAAN], [ID_KOTA], [DURASI], [HARGA], [CREATED_DATE], [MODIFIED_DATE]) VALUES (64, 2, 31, 4, 10700000, CAST(N'2021-01-18T15:32:25.770' AS DateTime), CAST(N'2021-01-18T15:32:25.770' AS DateTime))
INSERT [dbo].[TBL_HARGA] ([ID_HARGA], [ID_KENDARAAN], [ID_KOTA], [DURASI], [HARGA], [CREATED_DATE], [MODIFIED_DATE]) VALUES (65, 3, 32, 1, 2100000, CAST(N'2021-01-18T15:32:48.930' AS DateTime), CAST(N'2021-01-18T15:32:48.930' AS DateTime))
INSERT [dbo].[TBL_HARGA] ([ID_HARGA], [ID_KENDARAAN], [ID_KOTA], [DURASI], [HARGA], [CREATED_DATE], [MODIFIED_DATE]) VALUES (66, 3, 1, 1, 2400000, CAST(N'2021-01-18T15:35:05.437' AS DateTime), CAST(N'2021-01-18T15:35:05.437' AS DateTime))
INSERT [dbo].[TBL_HARGA] ([ID_HARGA], [ID_KENDARAAN], [ID_KOTA], [DURASI], [HARGA], [CREATED_DATE], [MODIFIED_DATE]) VALUES (67, 3, 2, 1, 2300000, CAST(N'2021-01-18T16:19:39.657' AS DateTime), CAST(N'2021-01-18T16:19:39.657' AS DateTime))
INSERT [dbo].[TBL_HARGA] ([ID_HARGA], [ID_KENDARAAN], [ID_KOTA], [DURASI], [HARGA], [CREATED_DATE], [MODIFIED_DATE]) VALUES (68, 3, 3, 1, 2400000, CAST(N'2021-01-18T16:20:24.923' AS DateTime), CAST(N'2021-01-18T16:20:24.923' AS DateTime))
INSERT [dbo].[TBL_HARGA] ([ID_HARGA], [ID_KENDARAAN], [ID_KOTA], [DURASI], [HARGA], [CREATED_DATE], [MODIFIED_DATE]) VALUES (69, 3, 4, 1, 2500000, CAST(N'2021-01-18T16:21:40.923' AS DateTime), CAST(N'2021-01-18T16:21:40.923' AS DateTime))
INSERT [dbo].[TBL_HARGA] ([ID_HARGA], [ID_KENDARAAN], [ID_KOTA], [DURASI], [HARGA], [CREATED_DATE], [MODIFIED_DATE]) VALUES (70, 3, 5, 1, 2800000, CAST(N'2021-01-18T16:22:13.887' AS DateTime), CAST(N'2021-01-18T16:22:13.887' AS DateTime))
INSERT [dbo].[TBL_HARGA] ([ID_HARGA], [ID_KENDARAAN], [ID_KOTA], [DURASI], [HARGA], [CREATED_DATE], [MODIFIED_DATE]) VALUES (71, 3, 6, 1, 3200000, CAST(N'2021-01-18T16:23:39.243' AS DateTime), CAST(N'2021-01-18T16:23:39.243' AS DateTime))
INSERT [dbo].[TBL_HARGA] ([ID_HARGA], [ID_KENDARAAN], [ID_KOTA], [DURASI], [HARGA], [CREATED_DATE], [MODIFIED_DATE]) VALUES (72, 3, 7, 1, 3200000, CAST(N'2021-01-18T16:25:23.573' AS DateTime), CAST(N'2021-01-18T16:25:28.013' AS DateTime))
INSERT [dbo].[TBL_HARGA] ([ID_HARGA], [ID_KENDARAAN], [ID_KOTA], [DURASI], [HARGA], [CREATED_DATE], [MODIFIED_DATE]) VALUES (73, 3, 8, 1, 3200000, CAST(N'2021-01-18T16:25:46.370' AS DateTime), CAST(N'2021-01-18T16:25:46.370' AS DateTime))
INSERT [dbo].[TBL_HARGA] ([ID_HARGA], [ID_KENDARAAN], [ID_KOTA], [DURASI], [HARGA], [CREATED_DATE], [MODIFIED_DATE]) VALUES (74, 3, 9, 1, 3200000, CAST(N'2021-01-18T16:26:11.307' AS DateTime), CAST(N'2021-01-18T16:26:11.307' AS DateTime))
INSERT [dbo].[TBL_HARGA] ([ID_HARGA], [ID_KENDARAAN], [ID_KOTA], [DURASI], [HARGA], [CREATED_DATE], [MODIFIED_DATE]) VALUES (75, 3, 10, 1, 3500000, CAST(N'2021-01-18T16:26:35.797' AS DateTime), CAST(N'2021-01-18T16:26:35.797' AS DateTime))
INSERT [dbo].[TBL_HARGA] ([ID_HARGA], [ID_KENDARAAN], [ID_KOTA], [DURASI], [HARGA], [CREATED_DATE], [MODIFIED_DATE]) VALUES (76, 3, 11, 1, 3500000, CAST(N'2021-01-18T16:27:01.700' AS DateTime), CAST(N'2021-01-18T16:27:01.700' AS DateTime))
INSERT [dbo].[TBL_HARGA] ([ID_HARGA], [ID_KENDARAAN], [ID_KOTA], [DURASI], [HARGA], [CREATED_DATE], [MODIFIED_DATE]) VALUES (77, 3, 12, 1, 3500000, CAST(N'2021-01-18T16:27:28.253' AS DateTime), CAST(N'2021-01-18T16:27:28.253' AS DateTime))
INSERT [dbo].[TBL_HARGA] ([ID_HARGA], [ID_KENDARAAN], [ID_KOTA], [DURASI], [HARGA], [CREATED_DATE], [MODIFIED_DATE]) VALUES (78, 3, 13, 1, 3800000, CAST(N'2021-01-18T16:28:12.573' AS DateTime), CAST(N'2021-01-18T16:28:25.617' AS DateTime))
INSERT [dbo].[TBL_HARGA] ([ID_HARGA], [ID_KENDARAAN], [ID_KOTA], [DURASI], [HARGA], [CREATED_DATE], [MODIFIED_DATE]) VALUES (79, 3, 14, 1, 3800000, CAST(N'2021-01-18T16:29:19.350' AS DateTime), CAST(N'2021-01-18T16:29:19.350' AS DateTime))
INSERT [dbo].[TBL_HARGA] ([ID_HARGA], [ID_KENDARAAN], [ID_KOTA], [DURASI], [HARGA], [CREATED_DATE], [MODIFIED_DATE]) VALUES (80, 3, 15, 1, 3800000, CAST(N'2021-01-18T16:29:44.973' AS DateTime), CAST(N'2021-01-18T16:29:44.973' AS DateTime))
INSERT [dbo].[TBL_HARGA] ([ID_HARGA], [ID_KENDARAAN], [ID_KOTA], [DURASI], [HARGA], [CREATED_DATE], [MODIFIED_DATE]) VALUES (81, 3, 16, 1, 4400000, CAST(N'2021-01-18T16:30:03.547' AS DateTime), CAST(N'2021-01-18T16:30:03.547' AS DateTime))
INSERT [dbo].[TBL_HARGA] ([ID_HARGA], [ID_KENDARAAN], [ID_KOTA], [DURASI], [HARGA], [CREATED_DATE], [MODIFIED_DATE]) VALUES (82, 3, 17, 1, 4400000, CAST(N'2021-01-18T16:30:25.727' AS DateTime), CAST(N'2021-01-18T16:30:25.727' AS DateTime))
INSERT [dbo].[TBL_HARGA] ([ID_HARGA], [ID_KENDARAAN], [ID_KOTA], [DURASI], [HARGA], [CREATED_DATE], [MODIFIED_DATE]) VALUES (83, 3, 18, 1, 4700000, CAST(N'2021-01-18T16:30:55.687' AS DateTime), CAST(N'2021-01-18T16:30:55.687' AS DateTime))
INSERT [dbo].[TBL_HARGA] ([ID_HARGA], [ID_KENDARAAN], [ID_KOTA], [DURASI], [HARGA], [CREATED_DATE], [MODIFIED_DATE]) VALUES (84, 3, 19, 1, 4700000, CAST(N'2021-01-18T16:31:26.260' AS DateTime), CAST(N'2021-01-18T16:31:26.260' AS DateTime))
INSERT [dbo].[TBL_HARGA] ([ID_HARGA], [ID_KENDARAAN], [ID_KOTA], [DURASI], [HARGA], [CREATED_DATE], [MODIFIED_DATE]) VALUES (85, 3, 20, 1, 4700000, CAST(N'2021-01-18T16:31:51.010' AS DateTime), CAST(N'2021-01-18T16:31:51.010' AS DateTime))
INSERT [dbo].[TBL_HARGA] ([ID_HARGA], [ID_KENDARAAN], [ID_KOTA], [DURASI], [HARGA], [CREATED_DATE], [MODIFIED_DATE]) VALUES (86, 3, 21, 1, 4700000, CAST(N'2021-01-18T16:32:26.340' AS DateTime), CAST(N'2021-01-18T16:32:26.340' AS DateTime))
INSERT [dbo].[TBL_HARGA] ([ID_HARGA], [ID_KENDARAAN], [ID_KOTA], [DURASI], [HARGA], [CREATED_DATE], [MODIFIED_DATE]) VALUES (87, 3, 22, 1, 4700000, CAST(N'2021-01-18T16:32:48.593' AS DateTime), CAST(N'2021-01-18T16:32:48.593' AS DateTime))
INSERT [dbo].[TBL_HARGA] ([ID_HARGA], [ID_KENDARAAN], [ID_KOTA], [DURASI], [HARGA], [CREATED_DATE], [MODIFIED_DATE]) VALUES (88, 3, 23, 1, 2600000, CAST(N'2021-01-18T16:33:16.830' AS DateTime), CAST(N'2021-01-18T16:33:16.830' AS DateTime))
INSERT [dbo].[TBL_HARGA] ([ID_HARGA], [ID_KENDARAAN], [ID_KOTA], [DURASI], [HARGA], [CREATED_DATE], [MODIFIED_DATE]) VALUES (89, 3, 24, 1, 3700000, CAST(N'2021-01-18T16:33:50.000' AS DateTime), CAST(N'2021-01-18T16:33:50.000' AS DateTime))
INSERT [dbo].[TBL_HARGA] ([ID_HARGA], [ID_KENDARAAN], [ID_KOTA], [DURASI], [HARGA], [CREATED_DATE], [MODIFIED_DATE]) VALUES (90, 3, 25, 1, 3700000, CAST(N'2021-01-18T16:34:08.800' AS DateTime), CAST(N'2021-01-18T16:34:08.800' AS DateTime))
INSERT [dbo].[TBL_HARGA] ([ID_HARGA], [ID_KENDARAAN], [ID_KOTA], [DURASI], [HARGA], [CREATED_DATE], [MODIFIED_DATE]) VALUES (91, 3, 26, 1, 3700000, CAST(N'2021-01-18T16:34:28.110' AS DateTime), CAST(N'2021-01-18T16:34:28.110' AS DateTime))
INSERT [dbo].[TBL_HARGA] ([ID_HARGA], [ID_KENDARAAN], [ID_KOTA], [DURASI], [HARGA], [CREATED_DATE], [MODIFIED_DATE]) VALUES (92, 3, 27, 2, 5200000, CAST(N'2021-01-18T16:35:00.063' AS DateTime), CAST(N'2021-01-18T16:35:00.063' AS DateTime))
INSERT [dbo].[TBL_HARGA] ([ID_HARGA], [ID_KENDARAAN], [ID_KOTA], [DURASI], [HARGA], [CREATED_DATE], [MODIFIED_DATE]) VALUES (93, 3, 28, 2, 6200000, CAST(N'2021-01-18T16:35:16.883' AS DateTime), CAST(N'2021-01-18T16:35:59.743' AS DateTime))
INSERT [dbo].[TBL_HARGA] ([ID_HARGA], [ID_KENDARAAN], [ID_KOTA], [DURASI], [HARGA], [CREATED_DATE], [MODIFIED_DATE]) VALUES (94, 3, 29, 3, 11700000, CAST(N'2021-01-18T16:35:54.580' AS DateTime), CAST(N'2021-01-18T16:35:54.580' AS DateTime))
INSERT [dbo].[TBL_HARGA] ([ID_HARGA], [ID_KENDARAAN], [ID_KOTA], [DURASI], [HARGA], [CREATED_DATE], [MODIFIED_DATE]) VALUES (95, 3, 30, 3, 12800000, CAST(N'2021-01-18T16:36:17.180' AS DateTime), CAST(N'2021-01-18T16:36:17.180' AS DateTime))
INSERT [dbo].[TBL_HARGA] ([ID_HARGA], [ID_KENDARAAN], [ID_KOTA], [DURASI], [HARGA], [CREATED_DATE], [MODIFIED_DATE]) VALUES (96, 3, 31, 4, 14700000, CAST(N'2021-01-18T16:37:12.207' AS DateTime), CAST(N'2021-01-18T16:37:12.207' AS DateTime))
INSERT [dbo].[TBL_HARGA] ([ID_HARGA], [ID_KENDARAAN], [ID_KOTA], [DURASI], [HARGA], [CREATED_DATE], [MODIFIED_DATE]) VALUES (97, 1, 28, 1, 2000000, CAST(N'2021-01-19T14:37:32.603' AS DateTime), CAST(N'2021-01-19T14:37:32.603' AS DateTime))
SET IDENTITY_INSERT [dbo].[TBL_HARGA] OFF
GO
SET IDENTITY_INSERT [dbo].[MS_BANK] ON 

INSERT [dbo].[MS_BANK] ([ID_BANK], [NAMA_BANK], [CREATED_DATE], [MODIFIED_DATE]) VALUES (1, N'Bank Mandiri', NULL, CAST(N'2021-01-18T16:38:43.620' AS DateTime))
INSERT [dbo].[MS_BANK] ([ID_BANK], [NAMA_BANK], [CREATED_DATE], [MODIFIED_DATE]) VALUES (2, N'BRI (Bank Rakyat Indonesia)', NULL, CAST(N'2021-01-18T16:44:49.237' AS DateTime))
INSERT [dbo].[MS_BANK] ([ID_BANK], [NAMA_BANK], [CREATED_DATE], [MODIFIED_DATE]) VALUES (3, N'BNI (Bank Negara Indonesia)', CAST(N'2021-01-18T16:38:28.953' AS DateTime), CAST(N'2021-01-18T16:38:28.953' AS DateTime))
INSERT [dbo].[MS_BANK] ([ID_BANK], [NAMA_BANK], [CREATED_DATE], [MODIFIED_DATE]) VALUES (4, N'BCA (Bank Central Asia)', CAST(N'2021-01-18T16:38:48.970' AS DateTime), CAST(N'2021-01-18T16:38:48.970' AS DateTime))
INSERT [dbo].[MS_BANK] ([ID_BANK], [NAMA_BANK], [CREATED_DATE], [MODIFIED_DATE]) VALUES (5, N'Bank Permata', CAST(N'2021-01-18T16:38:58.320' AS DateTime), CAST(N'2021-01-18T16:38:58.320' AS DateTime))
INSERT [dbo].[MS_BANK] ([ID_BANK], [NAMA_BANK], [CREATED_DATE], [MODIFIED_DATE]) VALUES (6, N'Bank Danamon', CAST(N'2021-01-18T16:42:53.390' AS DateTime), CAST(N'2021-01-18T16:42:53.390' AS DateTime))
INSERT [dbo].[MS_BANK] ([ID_BANK], [NAMA_BANK], [CREATED_DATE], [MODIFIED_DATE]) VALUES (7, N'Bank Mandiri Syariah', CAST(N'2021-01-18T16:43:03.130' AS DateTime), CAST(N'2021-01-18T16:43:03.130' AS DateTime))
INSERT [dbo].[MS_BANK] ([ID_BANK], [NAMA_BANK], [CREATED_DATE], [MODIFIED_DATE]) VALUES (8, N'Bank Mega', CAST(N'2021-01-18T16:44:33.797' AS DateTime), CAST(N'2021-01-18T16:44:57.383' AS DateTime))
INSERT [dbo].[MS_BANK] ([ID_BANK], [NAMA_BANK], [CREATED_DATE], [MODIFIED_DATE]) VALUES (9, N'Bank MayBank', CAST(N'2021-01-18T16:45:21.983' AS DateTime), CAST(N'2021-01-18T16:45:21.983' AS DateTime))
INSERT [dbo].[MS_BANK] ([ID_BANK], [NAMA_BANK], [CREATED_DATE], [MODIFIED_DATE]) VALUES (10, N'Bank UOB', CAST(N'2021-01-18T16:45:41.280' AS DateTime), CAST(N'2021-01-18T16:45:41.280' AS DateTime))
SET IDENTITY_INSERT [dbo].[MS_BANK] OFF
GO
SET IDENTITY_INSERT [dbo].[MS_HARILIBUR] ON 

INSERT [dbo].[MS_HARILIBUR] ([ID_HARILIBUR], [NAMA_HARILIBUR], [STARTDATE], [ENDDATE], [PERSEN_LIBUR], [CREATED_DATE], [MODIFIED_DATE]) VALUES (1, N' Chinese New Year 2572 Kongzili', CAST(N'2021-02-12T00:00:00.000' AS DateTime), CAST(N'2021-02-12T00:00:00.000' AS DateTime), 5, CAST(N'2021-01-18T16:50:05.980' AS DateTime), CAST(N'2021-01-18T17:23:14.730' AS DateTime))
INSERT [dbo].[MS_HARILIBUR] ([ID_HARILIBUR], [NAMA_HARILIBUR], [STARTDATE], [ENDDATE], [PERSEN_LIBUR], [CREATED_DATE], [MODIFIED_DATE]) VALUES (2, N' Isra ''Mi''raj of Prophet Muhammad', CAST(N'2021-03-11T00:00:00.000' AS DateTime), CAST(N'2021-03-11T00:00:00.000' AS DateTime), 5, CAST(N'2021-01-18T16:50:50.417' AS DateTime), CAST(N'2021-01-18T17:23:27.280' AS DateTime))
INSERT [dbo].[MS_HARILIBUR] ([ID_HARILIBUR], [NAMA_HARILIBUR], [STARTDATE], [ENDDATE], [PERSEN_LIBUR], [CREATED_DATE], [MODIFIED_DATE]) VALUES (3, N' Seclusion Day 1943', CAST(N'2021-03-14T00:00:00.000' AS DateTime), CAST(N'2021-03-14T00:00:00.000' AS DateTime), 5, CAST(N'2021-01-18T16:51:23.157' AS DateTime), CAST(N'2021-01-18T17:27:05.050' AS DateTime))
INSERT [dbo].[MS_HARILIBUR] ([ID_HARILIBUR], [NAMA_HARILIBUR], [STARTDATE], [ENDDATE], [PERSEN_LIBUR], [CREATED_DATE], [MODIFIED_DATE]) VALUES (4, N'The Good Friday', CAST(N'2021-04-02T00:00:00.000' AS DateTime), CAST(N'2021-04-02T00:00:00.000' AS DateTime), 5, CAST(N'2021-01-18T16:51:50.120' AS DateTime), CAST(N'2021-01-18T17:24:45.403' AS DateTime))
INSERT [dbo].[MS_HARILIBUR] ([ID_HARILIBUR], [NAMA_HARILIBUR], [STARTDATE], [ENDDATE], [PERSEN_LIBUR], [CREATED_DATE], [MODIFIED_DATE]) VALUES (5, N' International Labor Day', CAST(N'2021-03-01T00:00:00.000' AS DateTime), CAST(N'2021-03-01T00:00:00.000' AS DateTime), 5, CAST(N'2021-01-18T16:52:16.153' AS DateTime), CAST(N'2021-01-18T17:24:57.193' AS DateTime))
INSERT [dbo].[MS_HARILIBUR] ([ID_HARILIBUR], [NAMA_HARILIBUR], [STARTDATE], [ENDDATE], [PERSEN_LIBUR], [CREATED_DATE], [MODIFIED_DATE]) VALUES (6, N' Ascension Day of Jesus', CAST(N'2021-05-13T00:00:00.000' AS DateTime), CAST(N'2021-05-13T00:00:00.000' AS DateTime), 5, CAST(N'2021-01-18T16:53:13.570' AS DateTime), CAST(N'2021-01-18T17:25:09.430' AS DateTime))
INSERT [dbo].[MS_HARILIBUR] ([ID_HARILIBUR], [NAMA_HARILIBUR], [STARTDATE], [ENDDATE], [PERSEN_LIBUR], [CREATED_DATE], [MODIFIED_DATE]) VALUES (7, N' Eid Al-Fitr 1442 Hijriah', CAST(N'2021-05-13T00:00:00.000' AS DateTime), CAST(N'2021-05-19T00:00:00.000' AS DateTime), 10, CAST(N'2021-01-18T16:53:46.407' AS DateTime), CAST(N'2021-01-18T17:25:52.220' AS DateTime))
INSERT [dbo].[MS_HARILIBUR] ([ID_HARILIBUR], [NAMA_HARILIBUR], [STARTDATE], [ENDDATE], [PERSEN_LIBUR], [CREATED_DATE], [MODIFIED_DATE]) VALUES (8, N' Vesak Day 2565 ', CAST(N'2021-05-26T00:00:00.000' AS DateTime), CAST(N'2021-05-26T00:00:00.000' AS DateTime), 5, CAST(N'2021-01-18T16:54:22.390' AS DateTime), CAST(N'2021-01-18T17:26:06.387' AS DateTime))
INSERT [dbo].[MS_HARILIBUR] ([ID_HARILIBUR], [NAMA_HARILIBUR], [STARTDATE], [ENDDATE], [PERSEN_LIBUR], [CREATED_DATE], [MODIFIED_DATE]) VALUES (9, N' Pancasila Day', CAST(N'2021-06-01T00:00:00.000' AS DateTime), CAST(N'2021-07-01T00:00:00.000' AS DateTime), 5, CAST(N'2021-01-18T16:54:43.440' AS DateTime), CAST(N'2021-01-18T17:26:18.517' AS DateTime))
INSERT [dbo].[MS_HARILIBUR] ([ID_HARILIBUR], [NAMA_HARILIBUR], [STARTDATE], [ENDDATE], [PERSEN_LIBUR], [CREATED_DATE], [MODIFIED_DATE]) VALUES (10, N' Eid Al-Fitr Mubarak 1442 Hijriah ', CAST(N'2021-06-20T00:00:00.000' AS DateTime), CAST(N'2021-07-20T00:00:00.000' AS DateTime), 5, CAST(N'2021-01-18T16:55:20.667' AS DateTime), CAST(N'2021-01-18T17:26:31.660' AS DateTime))
INSERT [dbo].[MS_HARILIBUR] ([ID_HARILIBUR], [NAMA_HARILIBUR], [STARTDATE], [ENDDATE], [PERSEN_LIBUR], [CREATED_DATE], [MODIFIED_DATE]) VALUES (11, N' Islamic New Year 1443 Hijriah', CAST(N'2021-08-10T00:00:00.000' AS DateTime), CAST(N'2021-08-10T00:00:00.000' AS DateTime), 5, CAST(N'2021-01-18T16:55:52.273' AS DateTime), CAST(N'2021-01-18T17:27:21.783' AS DateTime))
INSERT [dbo].[MS_HARILIBUR] ([ID_HARILIBUR], [NAMA_HARILIBUR], [STARTDATE], [ENDDATE], [PERSEN_LIBUR], [CREATED_DATE], [MODIFIED_DATE]) VALUES (12, N' Independence Day of the Republic of Indonesia', CAST(N'2021-08-17T00:00:00.000' AS DateTime), CAST(N'2021-08-17T00:00:00.000' AS DateTime), 5, CAST(N'2021-01-18T16:56:26.487' AS DateTime), CAST(N'2021-01-18T17:27:34.050' AS DateTime))
INSERT [dbo].[MS_HARILIBUR] ([ID_HARILIBUR], [NAMA_HARILIBUR], [STARTDATE], [ENDDATE], [PERSEN_LIBUR], [CREATED_DATE], [MODIFIED_DATE]) VALUES (13, N' Birthday of Prophet Muhammad', CAST(N'2021-10-19T00:00:00.000' AS DateTime), CAST(N'2021-10-19T00:00:00.000' AS DateTime), 5, CAST(N'2021-01-18T16:56:55.653' AS DateTime), CAST(N'2021-01-18T17:27:46.833' AS DateTime))
INSERT [dbo].[MS_HARILIBUR] ([ID_HARILIBUR], [NAMA_HARILIBUR], [STARTDATE], [ENDDATE], [PERSEN_LIBUR], [CREATED_DATE], [MODIFIED_DATE]) VALUES (14, N' Christmas', CAST(N'2021-12-25T00:00:00.000' AS DateTime), CAST(N'2021-12-28T00:00:00.000' AS DateTime), 10, CAST(N'2021-01-18T16:57:48.257' AS DateTime), CAST(N'2021-01-18T17:27:58.917' AS DateTime))
INSERT [dbo].[MS_HARILIBUR] ([ID_HARILIBUR], [NAMA_HARILIBUR], [STARTDATE], [ENDDATE], [PERSEN_LIBUR], [CREATED_DATE], [MODIFIED_DATE]) VALUES (15, N' Isra ''Mi''raj of Prophet Muhammad', CAST(N'2021-03-12T00:00:00.000' AS DateTime), CAST(N'2021-03-12T00:00:00.000' AS DateTime), 5, CAST(N'2021-01-18T16:58:57.463' AS DateTime), CAST(N'2021-01-18T17:28:11.747' AS DateTime))
SET IDENTITY_INSERT [dbo].[MS_HARILIBUR] OFF
GO
SET IDENTITY_INSERT [dbo].[TBL_AUDIT_TRAIL] ON 

INSERT [dbo].[TBL_AUDIT_TRAIL] ([ID_AUDIT], [NAMA_TABEL], [AKSI], [NAMA_FIELD], [VALUE_LAMA], [VALUE_BARU], [CREATED_DATE], [MODIFIED_DATE], [userid]) VALUES (1, N'MS_PROVINSI', N'ADD', N'All Field', N'', N'40, prov abru2', CAST(N'2021-01-25T20:26:26.990' AS DateTime), CAST(N'2021-01-25T20:26:26.990' AS DateTime), NULL)
INSERT [dbo].[TBL_AUDIT_TRAIL] ([ID_AUDIT], [NAMA_TABEL], [AKSI], [NAMA_FIELD], [VALUE_LAMA], [VALUE_BARU], [CREATED_DATE], [MODIFIED_DATE], [userid]) VALUES (2, N'MS_PROVINSI', N'EDIT', N'NAMA_PROVINSI', N'40, provd3', N'40, provd3d', CAST(N'2021-01-25T21:07:01.220' AS DateTime), CAST(N'2021-01-25T21:07:01.220' AS DateTime), NULL)
INSERT [dbo].[TBL_AUDIT_TRAIL] ([ID_AUDIT], [NAMA_TABEL], [AKSI], [NAMA_FIELD], [VALUE_LAMA], [VALUE_BARU], [CREATED_DATE], [MODIFIED_DATE], [userid]) VALUES (3, N'MS_PROVINSI', N'ADD', N'All Field', N'', N'41, prov2', CAST(N'2021-01-25T21:10:45.887' AS DateTime), CAST(N'2021-01-25T21:10:45.890' AS DateTime), N'3')
INSERT [dbo].[TBL_AUDIT_TRAIL] ([ID_AUDIT], [NAMA_TABEL], [AKSI], [NAMA_FIELD], [VALUE_LAMA], [VALUE_BARU], [CREATED_DATE], [MODIFIED_DATE], [userid]) VALUES (4, N'MS_PROVINSI', N'EDIT', N'NAMA_PROVINSI', N'41, prov2', N'41, prov233', CAST(N'2021-01-25T21:11:11.240' AS DateTime), CAST(N'2021-01-25T21:11:11.240' AS DateTime), N'3')
INSERT [dbo].[TBL_AUDIT_TRAIL] ([ID_AUDIT], [NAMA_TABEL], [AKSI], [NAMA_FIELD], [VALUE_LAMA], [VALUE_BARU], [CREATED_DATE], [MODIFIED_DATE], [userid]) VALUES (5, N'MS_BANK', N'ADD', N'All Field', N'', N'17, asdf', CAST(N'2021-01-26T00:57:55.333' AS DateTime), CAST(N'2021-01-26T00:57:55.333' AS DateTime), N'3')
INSERT [dbo].[TBL_AUDIT_TRAIL] ([ID_AUDIT], [NAMA_TABEL], [AKSI], [NAMA_FIELD], [VALUE_LAMA], [VALUE_BARU], [CREATED_DATE], [MODIFIED_DATE], [userid]) VALUES (6, N'MS_BANK', N'EDIT', N'NAMA_BANK', N'17, asdf', N'17, asdf23', CAST(N'2021-01-26T00:58:32.787' AS DateTime), CAST(N'2021-01-26T00:58:32.787' AS DateTime), N'3')
INSERT [dbo].[TBL_AUDIT_TRAIL] ([ID_AUDIT], [NAMA_TABEL], [AKSI], [NAMA_FIELD], [VALUE_LAMA], [VALUE_BARU], [CREATED_DATE], [MODIFIED_DATE], [userid]) VALUES (7, N'MS_PROVINSI', N'ADD', N'All Field', N'', N'42, ``1`2`=-4350-/.''\,ZXC.,34560-=`1`121232=1-4503o59', CAST(N'2021-01-26T01:59:42.793' AS DateTime), CAST(N'2021-01-26T01:59:42.793' AS DateTime), N'3')
INSERT [dbo].[TBL_AUDIT_TRAIL] ([ID_AUDIT], [NAMA_TABEL], [AKSI], [NAMA_FIELD], [VALUE_LAMA], [VALUE_BARU], [CREATED_DATE], [MODIFIED_DATE], [userid]) VALUES (8, N'MS_PROVINSI', N'ADD', N'All Field', N'', N'43, sadqwdqw', CAST(N'2021-01-26T02:03:23.577' AS DateTime), CAST(N'2021-01-26T02:03:23.577' AS DateTime), N'3')
INSERT [dbo].[TBL_AUDIT_TRAIL] ([ID_AUDIT], [NAMA_TABEL], [AKSI], [NAMA_FIELD], [VALUE_LAMA], [VALUE_BARU], [CREATED_DATE], [MODIFIED_DATE], [userid]) VALUES (9, N'MS_PROVINSI', N'ADD', N'All Field', N'', N'44, ss', CAST(N'2021-01-26T02:45:00.270' AS DateTime), CAST(N'2021-01-26T02:45:00.270' AS DateTime), N'3')
INSERT [dbo].[TBL_AUDIT_TRAIL] ([ID_AUDIT], [NAMA_TABEL], [AKSI], [NAMA_FIELD], [VALUE_LAMA], [VALUE_BARU], [CREATED_DATE], [MODIFIED_DATE], [userid]) VALUES (10, N'MS_PROVINSI', N'EDIT', N'NAMA_PROVINSI', N'44, ss', N'44, ssa', CAST(N'2021-01-26T02:45:03.497' AS DateTime), CAST(N'2021-01-26T02:45:03.497' AS DateTime), N'3')
INSERT [dbo].[TBL_AUDIT_TRAIL] ([ID_AUDIT], [NAMA_TABEL], [AKSI], [NAMA_FIELD], [VALUE_LAMA], [VALUE_BARU], [CREATED_DATE], [MODIFIED_DATE], [userid]) VALUES (11, N'TBL_MEMBER', N'ADD', N'All Field', N'', N'32, agung2, tangerang, 081212929201, bonanapodcast@gmail.com, muqomuqo, True, MEMBER', CAST(N'2021-01-26T04:01:19.363' AS DateTime), CAST(N'2021-01-26T04:01:19.363' AS DateTime), N'3')
INSERT [dbo].[TBL_AUDIT_TRAIL] ([ID_AUDIT], [NAMA_TABEL], [AKSI], [NAMA_FIELD], [VALUE_LAMA], [VALUE_BARU], [CREATED_DATE], [MODIFIED_DATE], [userid]) VALUES (12, N'TBL_MEMBER', N'EDIT', N'', N'32, agung2, tangerang, 081212929201, bonanapodcast@gmail.com, muqomuqo, True, MEMBER', N'32, agung23, tangerang3, 081212929203, bonanapodcast3@gmail.com, muqomuqo3, False, MEMBER', CAST(N'2021-01-26T04:02:10.130' AS DateTime), CAST(N'2021-01-26T04:02:10.130' AS DateTime), N'3')
INSERT [dbo].[TBL_AUDIT_TRAIL] ([ID_AUDIT], [NAMA_TABEL], [AKSI], [NAMA_FIELD], [VALUE_LAMA], [VALUE_BARU], [CREATED_DATE], [MODIFIED_DATE], [userid]) VALUES (13, N'TBL_MEMBER', N'ADD', N'All Field', N'', N'33, muqomuqo, tangerang, 081212929201, muqmuqo@gmail.com, muqomuqo, True, MEMBER', CAST(N'2021-01-26T04:05:47.713' AS DateTime), CAST(N'2021-01-26T04:05:47.713' AS DateTime), N'3')
INSERT [dbo].[TBL_AUDIT_TRAIL] ([ID_AUDIT], [NAMA_TABEL], [AKSI], [NAMA_FIELD], [VALUE_LAMA], [VALUE_BARU], [CREATED_DATE], [MODIFIED_DATE], [userid]) VALUES (14, N'MS_KENDARAAN', N'ADD', N'All Field', N'', N'57, 5, 1, 1, 1, 6.choose date2021012316234564920210126043546163.png, test, test', CAST(N'2021-01-26T04:35:46.193' AS DateTime), CAST(N'2021-01-26T04:35:46.193' AS DateTime), N'3')
INSERT [dbo].[TBL_AUDIT_TRAIL] ([ID_AUDIT], [NAMA_TABEL], [AKSI], [NAMA_FIELD], [VALUE_LAMA], [VALUE_BARU], [CREATED_DATE], [MODIFIED_DATE], [userid]) VALUES (15, N'MS_KENDARAAN', N'EDIT', N'NAMA_BANK', N'57, 5, 1, 1, 1, 6.choose date2021012316234564920210126043546163.png, test, test', N'57, 6, 12, 12, 0, 9.home after login2021012315525825620210126043707674.png, test2, test2', CAST(N'2021-01-26T04:37:07.700' AS DateTime), CAST(N'2021-01-26T04:37:07.700' AS DateTime), N'3')
INSERT [dbo].[TBL_AUDIT_TRAIL] ([ID_AUDIT], [NAMA_TABEL], [AKSI], [NAMA_FIELD], [VALUE_LAMA], [VALUE_BARU], [CREATED_DATE], [MODIFIED_DATE], [userid]) VALUES (16, N'MS_KENDARAAN', N'ADD', N'All Field', N'', N'58, 7, 1, 1, 1, hero_320210126044412863.jpg, 1, 1', CAST(N'2021-01-26T04:45:17.947' AS DateTime), CAST(N'2021-01-26T04:45:17.947' AS DateTime), N'3')
INSERT [dbo].[TBL_AUDIT_TRAIL] ([ID_AUDIT], [NAMA_TABEL], [AKSI], [NAMA_FIELD], [VALUE_LAMA], [VALUE_BARU], [CREATED_DATE], [MODIFIED_DATE], [userid]) VALUES (17, N'MS_KENDARAAN', N'ADD', N'All Field', N'', N'59, 5, 7, 7, 1, 19.Re-schedule Admin2021012313492505620210126044636912.png, 7, 7', CAST(N'2021-01-26T04:46:36.933' AS DateTime), CAST(N'2021-01-26T04:46:36.933' AS DateTime), N'3')
INSERT [dbo].[TBL_AUDIT_TRAIL] ([ID_AUDIT], [NAMA_TABEL], [AKSI], [NAMA_FIELD], [VALUE_LAMA], [VALUE_BARU], [CREATED_DATE], [MODIFIED_DATE], [userid]) VALUES (18, N'MS_KENDARAAN', N'ADD', N'All Field', N'', N'60, 7, 1, 1, 1, 5persen20210126044846249.png, 1, 1', CAST(N'2021-01-26T04:48:46.270' AS DateTime), CAST(N'2021-01-26T04:48:46.270' AS DateTime), N'3')
INSERT [dbo].[TBL_AUDIT_TRAIL] ([ID_AUDIT], [NAMA_TABEL], [AKSI], [NAMA_FIELD], [VALUE_LAMA], [VALUE_BARU], [CREATED_DATE], [MODIFIED_DATE], [userid]) VALUES (19, N'MS_KENDARAAN', N'ADD', N'All Field', N'', N'61, 6, 3, 3, 1, anggota20210126044940836.jpg, 3, 3', CAST(N'2021-01-26T04:49:40.857' AS DateTime), CAST(N'2021-01-26T04:49:40.857' AS DateTime), N'3')
INSERT [dbo].[TBL_AUDIT_TRAIL] ([ID_AUDIT], [NAMA_TABEL], [AKSI], [NAMA_FIELD], [VALUE_LAMA], [VALUE_BARU], [CREATED_DATE], [MODIFIED_DATE], [userid]) VALUES (20, N'MS_KENDARAAN', N'EDIT', N'NAMA_BANK', N'61, 6, 3, 3, 1, anggota20210126044940836.jpg, 3, 3', N'61, 6, 33, 33, 1, anggota20210126044940836.jpg, 33, 33', CAST(N'2021-01-26T04:50:16.750' AS DateTime), CAST(N'2021-01-26T04:50:16.750' AS DateTime), N'3')
INSERT [dbo].[TBL_AUDIT_TRAIL] ([ID_AUDIT], [NAMA_TABEL], [AKSI], [NAMA_FIELD], [VALUE_LAMA], [VALUE_BARU], [CREATED_DATE], [MODIFIED_DATE], [userid]) VALUES (21, N'MS_KENDARAAN', N'ADD', N'All Field', N'', N'62, 5, 12, 12, 1, hero_120210126050603565.jpg, 12, 12', CAST(N'2021-01-26T05:06:03.597' AS DateTime), CAST(N'2021-01-26T05:06:03.597' AS DateTime), N'3')
INSERT [dbo].[TBL_AUDIT_TRAIL] ([ID_AUDIT], [NAMA_TABEL], [AKSI], [NAMA_FIELD], [VALUE_LAMA], [VALUE_BARU], [CREATED_DATE], [MODIFIED_DATE], [userid]) VALUES (22, N'MS_KENDARAAN', N'EDIT', N'NAMA_BANK', N'62, 5, 12, 12, 1, hero_120210126050603565.jpg, 12, 12', N'62, 5, 123, 123, 1, 9.home after login202101231552582562021012420173614820210126050616310.png, 123, 123', CAST(N'2021-01-26T05:06:16.333' AS DateTime), CAST(N'2021-01-26T05:06:16.333' AS DateTime), N'3')
INSERT [dbo].[TBL_AUDIT_TRAIL] ([ID_AUDIT], [NAMA_TABEL], [AKSI], [NAMA_FIELD], [VALUE_LAMA], [VALUE_BARU], [CREATED_DATE], [MODIFIED_DATE], [userid]) VALUES (23, N'TBL_PROMO', N'ADD', N'All Field', N'', N'11, 1, 1, 23/02/2021 00.00.00, 23/02/2021 00.00.00, hero_220210126122817404.jpg', CAST(N'2021-01-26T12:28:17.427' AS DateTime), CAST(N'2021-01-26T12:28:17.427' AS DateTime), N'3')
INSERT [dbo].[TBL_AUDIT_TRAIL] ([ID_AUDIT], [NAMA_TABEL], [AKSI], [NAMA_FIELD], [VALUE_LAMA], [VALUE_BARU], [CREATED_DATE], [MODIFIED_DATE], [userid]) VALUES (24, N'TBL_PROMO', N'EDIT', N'', N'11, 1, 1, 23/02/2021 00.00.00, 23/02/2021 00.00.00', N'11, 12, 12, 27/01/2021 00.00.00, 27/01/2021 00.00.00', CAST(N'2021-01-26T12:29:02.450' AS DateTime), CAST(N'2021-01-26T12:29:02.450' AS DateTime), N'3')
INSERT [dbo].[TBL_AUDIT_TRAIL] ([ID_AUDIT], [NAMA_TABEL], [AKSI], [NAMA_FIELD], [VALUE_LAMA], [VALUE_BARU], [CREATED_DATE], [MODIFIED_DATE], [userid]) VALUES (25, N'TBL_PROMO', N'EDIT', N'', N'11, 12, 12, 27/01/2021 00.00.00, 27/01/2021 00.00.00, hero_220210126122817404.jpg', N'11, 12, 12, 27/01/2021 00.00.00, 27/01/2021 00.00.00, bigbus sumberjaya20210126122953472.JPG', CAST(N'2021-01-26T12:29:53.480' AS DateTime), CAST(N'2021-01-26T12:29:53.480' AS DateTime), N'3')
INSERT [dbo].[TBL_AUDIT_TRAIL] ([ID_AUDIT], [NAMA_TABEL], [AKSI], [NAMA_FIELD], [VALUE_LAMA], [VALUE_BARU], [CREATED_DATE], [MODIFIED_DATE], [userid]) VALUES (26, N'TBL_PROMO', N'ADD', N'All Field', N'', N'12, 123, 11, 23/02/2021 00.00.00, 23/02/2021 00.00.00, 21172918020210126123253555.jpg', CAST(N'2021-01-26T12:32:53.767' AS DateTime), CAST(N'2021-01-26T12:32:53.767' AS DateTime), N'3')
INSERT [dbo].[TBL_AUDIT_TRAIL] ([ID_AUDIT], [NAMA_TABEL], [AKSI], [NAMA_FIELD], [VALUE_LAMA], [VALUE_BARU], [CREATED_DATE], [MODIFIED_DATE], [userid]) VALUES (27, N'TBL_PROMO', N'EDIT', N'', N'11, 12, 12, 27/01/2021 00.00.00, 27/01/2021 00.00.00, bigbus sumberjaya20210126122953472.JPG', N'11, 1sd, 10, 26/01/2021 00.00.00, 26/01/2021 00.00.00, anggota20210126123419808.jpg', CAST(N'2021-01-26T12:34:19.837' AS DateTime), CAST(N'2021-01-26T12:34:19.837' AS DateTime), N'3')
INSERT [dbo].[TBL_AUDIT_TRAIL] ([ID_AUDIT], [NAMA_TABEL], [AKSI], [NAMA_FIELD], [VALUE_LAMA], [VALUE_BARU], [CREATED_DATE], [MODIFIED_DATE], [userid]) VALUES (28, N'TBL_HARGA', N'EDIT', N'ID_KENDARAAN, ID_KENDARAAN, DURASI, HARGA', N'99, 35, 1, 1, 200000', N'99, 35, 1, 2, 20000', CAST(N'2021-01-26T12:36:08.200' AS DateTime), CAST(N'2021-01-26T12:36:08.200' AS DateTime), N'3')
INSERT [dbo].[TBL_AUDIT_TRAIL] ([ID_AUDIT], [NAMA_TABEL], [AKSI], [NAMA_FIELD], [VALUE_LAMA], [VALUE_BARU], [CREATED_DATE], [MODIFIED_DATE], [userid]) VALUES (29, N'TBL_TESTIMONI', N'EDIT', N'', N'1, 1', N'1, 0', CAST(N'2021-01-26T12:47:50.647' AS DateTime), CAST(N'2021-01-26T12:47:50.647' AS DateTime), N'3')
INSERT [dbo].[TBL_AUDIT_TRAIL] ([ID_AUDIT], [NAMA_TABEL], [AKSI], [NAMA_FIELD], [VALUE_LAMA], [VALUE_BARU], [CREATED_DATE], [MODIFIED_DATE], [userid]) VALUES (30, N'TBL_TESTIMONI', N'EDIT', N'', N'1, 0', N'1, 1', CAST(N'2021-01-26T12:48:14.017' AS DateTime), CAST(N'2021-01-26T12:48:14.017' AS DateTime), N'3')
INSERT [dbo].[TBL_AUDIT_TRAIL] ([ID_AUDIT], [NAMA_TABEL], [AKSI], [NAMA_FIELD], [VALUE_LAMA], [VALUE_BARU], [CREATED_DATE], [MODIFIED_DATE], [userid]) VALUES (31, N'TBL_TRANSAKSI', N'EDIT', N'', N'12, 1, 2', N'12, 1, 4', CAST(N'2021-01-26T14:22:47.987' AS DateTime), CAST(N'2021-01-26T14:22:47.987' AS DateTime), N'3')
INSERT [dbo].[TBL_AUDIT_TRAIL] ([ID_AUDIT], [NAMA_TABEL], [AKSI], [NAMA_FIELD], [VALUE_LAMA], [VALUE_BARU], [CREATED_DATE], [MODIFIED_DATE], [userid]) VALUES (32, N'TBL_TRANSAKSI,TR_DETAIL_PEMESANAN', N'EDIT', N'', N'12, 1, 2', N'12, 0, 3', CAST(N'2021-01-26T14:23:29.290' AS DateTime), CAST(N'2021-01-26T14:23:29.290' AS DateTime), N'3')
INSERT [dbo].[TBL_AUDIT_TRAIL] ([ID_AUDIT], [NAMA_TABEL], [AKSI], [NAMA_FIELD], [VALUE_LAMA], [VALUE_BARU], [CREATED_DATE], [MODIFIED_DATE], [userid]) VALUES (33, N'TBL_MEMBER', N'ADD', N'All Field', N'', N'36, agung23, tangerang, 081212929201, muqorobinagungnugroho@gmail.com, muqomuqo, False, MEMBER', CAST(N'2021-01-26T15:17:52.103' AS DateTime), CAST(N'2021-01-26T15:17:52.103' AS DateTime), N'36')
INSERT [dbo].[TBL_AUDIT_TRAIL] ([ID_AUDIT], [NAMA_TABEL], [AKSI], [NAMA_FIELD], [VALUE_LAMA], [VALUE_BARU], [CREATED_DATE], [MODIFIED_DATE], [userid]) VALUES (34, N'TBL_MEMBER', N'ADD MEMBER', N'All Field', N'', N'37, agung2, tangerang, 081212621816, muqorobinagungnugroho@gmail.com, muqomuqo, False, MEMBER', CAST(N'2021-01-26T15:20:12.963' AS DateTime), CAST(N'2021-01-26T15:20:12.963' AS DateTime), N'37')
INSERT [dbo].[TBL_AUDIT_TRAIL] ([ID_AUDIT], [NAMA_TABEL], [AKSI], [NAMA_FIELD], [VALUE_LAMA], [VALUE_BARU], [CREATED_DATE], [MODIFIED_DATE], [userid]) VALUES (35, N'TBL_MEMBER', N'EDIT, RESET PASSWORD', N'', N'muqorobinagungnugroho@gmail.com, ', N'muqorobinagungnugroho@gmail.com, e78a3fcb-df45-4750-a33a-aa6c5387a0e0', CAST(N'2021-01-26T15:23:58.807' AS DateTime), CAST(N'2021-01-26T15:23:58.807' AS DateTime), NULL)
INSERT [dbo].[TBL_AUDIT_TRAIL] ([ID_AUDIT], [NAMA_TABEL], [AKSI], [NAMA_FIELD], [VALUE_LAMA], [VALUE_BARU], [CREATED_DATE], [MODIFIED_DATE], [userid]) VALUES (37, N'TBL_MEMBER', N'EDIT, RESET PASSWORD', N'', N'muqorobinagungnugroho@gmail.com, ', N'muqorobinagungnugroho@gmail.com, 9ea6ae74-7aa1-4ed2-9a99-05209795941e', CAST(N'2021-01-26T15:30:18.547' AS DateTime), CAST(N'2021-01-26T15:30:18.547' AS DateTime), NULL)
INSERT [dbo].[TBL_AUDIT_TRAIL] ([ID_AUDIT], [NAMA_TABEL], [AKSI], [NAMA_FIELD], [VALUE_LAMA], [VALUE_BARU], [CREATED_DATE], [MODIFIED_DATE], [userid]) VALUES (38, N'TBL_MEMBER', N'EDIT, UPDATE PASSWORD', N'', N'muqorobinagungnugroho@gmail.com, i7DPbrmxfQ99IrRW8SElfcElTh8BZlNwR2OD6ndt9BQ=', N'muqorobinagungnugroho@gmail.com, i7DPbrmxfQ99IrRW8SElfcElTh8BZlNwR2OD6ndt9BQ=', CAST(N'2021-01-26T15:30:36.563' AS DateTime), CAST(N'2021-01-26T15:30:36.563' AS DateTime), NULL)
INSERT [dbo].[TBL_AUDIT_TRAIL] ([ID_AUDIT], [NAMA_TABEL], [AKSI], [NAMA_FIELD], [VALUE_LAMA], [VALUE_BARU], [CREATED_DATE], [MODIFIED_DATE], [userid]) VALUES (39, N'TBL_MEMBER', N'ADD MEMBER', N'All Field', N'', N'38, agung2, tangerang, 081212929201, muqorobinagungnugroho@gmail.com, muqomuqo, False, MEMBER', CAST(N'2021-01-26T15:32:39.517' AS DateTime), CAST(N'2021-01-26T15:32:39.517' AS DateTime), N'38')
INSERT [dbo].[TBL_AUDIT_TRAIL] ([ID_AUDIT], [NAMA_TABEL], [AKSI], [NAMA_FIELD], [VALUE_LAMA], [VALUE_BARU], [CREATED_DATE], [MODIFIED_DATE], [userid]) VALUES (40, N'TBL_MEMBER', N'EDIT, RESET PASSWORD', N'', N'muqorobinagungnugroho@gmail.com, ', N'muqorobinagungnugroho@gmail.com, d2346030-c98e-4345-bff5-3479e8922cb4', CAST(N'2021-01-26T15:33:12.950' AS DateTime), CAST(N'2021-01-26T15:33:12.950' AS DateTime), NULL)
INSERT [dbo].[TBL_AUDIT_TRAIL] ([ID_AUDIT], [NAMA_TABEL], [AKSI], [NAMA_FIELD], [VALUE_LAMA], [VALUE_BARU], [CREATED_DATE], [MODIFIED_DATE], [userid]) VALUES (41, N'TBL_MEMBER', N'EDIT, UPDATE PASSWORD', N'', N'muqorobinagungnugroho@gmail.com, i7DPbrmxfQ99IrRW8SElfcElTh8BZlNwR2OD6ndt9BQ=', N'muqorobinagungnugroho@gmail.com, 73l8gRjwLftklgfdXT+MdiMEjJwGPVMsyVxe16iYpk8=', CAST(N'2021-01-26T15:33:33.003' AS DateTime), CAST(N'2021-01-26T15:33:33.003' AS DateTime), NULL)
INSERT [dbo].[TBL_AUDIT_TRAIL] ([ID_AUDIT], [NAMA_TABEL], [AKSI], [NAMA_FIELD], [VALUE_LAMA], [VALUE_BARU], [CREATED_DATE], [MODIFIED_DATE], [userid]) VALUES (42, N'TBL_TRANSAKSI,TR_DETAIL_PEMESANAN', N'ADD BOOKING', N'', N'', N'14', CAST(N'2021-01-26T16:17:46.923' AS DateTime), CAST(N'2021-01-26T16:17:46.923' AS DateTime), N'30')
INSERT [dbo].[TBL_AUDIT_TRAIL] ([ID_AUDIT], [NAMA_TABEL], [AKSI], [NAMA_FIELD], [VALUE_LAMA], [VALUE_BARU], [CREATED_DATE], [MODIFIED_DATE], [userid]) VALUES (43, N'TBL_TRANSAKSI,TR_DETAIL_PEMESANAN', N'ADD BOOKING', N'', N'', N'15', CAST(N'2021-01-26T16:20:02.917' AS DateTime), CAST(N'2021-01-26T16:20:02.917' AS DateTime), N'30')
INSERT [dbo].[TBL_AUDIT_TRAIL] ([ID_AUDIT], [NAMA_TABEL], [AKSI], [NAMA_FIELD], [VALUE_LAMA], [VALUE_BARU], [CREATED_DATE], [MODIFIED_DATE], [userid]) VALUES (44, N'TBL_TRANSAKSI,TR_DETAIL_PEMESANAN', N'ADD OTHER CAR', N'', N'', N'14', CAST(N'2021-01-26T16:20:59.430' AS DateTime), CAST(N'2021-01-26T16:20:59.430' AS DateTime), N'30')
INSERT [dbo].[TBL_AUDIT_TRAIL] ([ID_AUDIT], [NAMA_TABEL], [AKSI], [NAMA_FIELD], [VALUE_LAMA], [VALUE_BARU], [CREATED_DATE], [MODIFIED_DATE], [userid]) VALUES (45, N'TBL_TRANSAKSI,TR_DETAIL_PEMESANAN', N'ADD BOOKING', N'', N'', N'16, 2600000', CAST(N'2021-01-26T16:43:57.810' AS DateTime), CAST(N'2021-01-26T16:43:57.810' AS DateTime), N'30')
INSERT [dbo].[TBL_AUDIT_TRAIL] ([ID_AUDIT], [NAMA_TABEL], [AKSI], [NAMA_FIELD], [VALUE_LAMA], [VALUE_BARU], [CREATED_DATE], [MODIFIED_DATE], [userid]) VALUES (46, N'TBL_TRANSAKSI,TR_DETAIL_PEMESANAN', N'ADD OTHER CAR', N'', N'', N'16, 35', CAST(N'2021-01-26T16:45:32.657' AS DateTime), CAST(N'2021-01-26T16:45:32.657' AS DateTime), N'30')
INSERT [dbo].[TBL_AUDIT_TRAIL] ([ID_AUDIT], [NAMA_TABEL], [AKSI], [NAMA_FIELD], [VALUE_LAMA], [VALUE_BARU], [CREATED_DATE], [MODIFIED_DATE], [userid]) VALUES (47, N'TBL_TRANSAKSI,TR_DETAIL_PEMESANAN', N'ADD OTHER CAR', N'', N'', N'16, 4600000', CAST(N'2021-01-26T16:47:18.360' AS DateTime), CAST(N'2021-01-26T16:47:18.360' AS DateTime), N'30')
INSERT [dbo].[TBL_AUDIT_TRAIL] ([ID_AUDIT], [NAMA_TABEL], [AKSI], [NAMA_FIELD], [VALUE_LAMA], [VALUE_BARU], [CREATED_DATE], [MODIFIED_DATE], [userid]) VALUES (48, N'TBL_TRANSAKSI,TR_DETAIL_PEMESANAN', N'ADD INCREASE CAR', N'', N'', N'167, 5200000', CAST(N'2021-01-26T16:49:03.087' AS DateTime), CAST(N'2021-01-26T16:49:03.087' AS DateTime), N'30')
INSERT [dbo].[TBL_AUDIT_TRAIL] ([ID_AUDIT], [NAMA_TABEL], [AKSI], [NAMA_FIELD], [VALUE_LAMA], [VALUE_BARU], [CREATED_DATE], [MODIFIED_DATE], [userid]) VALUES (49, N'TBL_TRANSAKSI,TR_DETAIL_PEMESANAN', N'INCREASE CAR', N'', N'16, 13600000', N'16, 16200000', CAST(N'2021-01-26T19:39:46.100' AS DateTime), CAST(N'2021-01-26T19:39:46.100' AS DateTime), N'30')
INSERT [dbo].[TBL_AUDIT_TRAIL] ([ID_AUDIT], [NAMA_TABEL], [AKSI], [NAMA_FIELD], [VALUE_LAMA], [VALUE_BARU], [CREATED_DATE], [MODIFIED_DATE], [userid]) VALUES (50, N'TBL_TRANSAKSI,TR_DETAIL_PEMESANAN', N'DECREASE CAR', N'', N'16, 16200000', N'16, 13600000', CAST(N'2021-01-26T19:41:04.197' AS DateTime), CAST(N'2021-01-26T19:41:04.197' AS DateTime), N'30')
INSERT [dbo].[TBL_AUDIT_TRAIL] ([ID_AUDIT], [NAMA_TABEL], [AKSI], [NAMA_FIELD], [VALUE_LAMA], [VALUE_BARU], [CREATED_DATE], [MODIFIED_DATE], [userid]) VALUES (51, N'TBL_TRANSAKSI,TR_DETAIL_PEMESANAN', N'INCREASE CAR', N'', N'16, 13600000', N'16, 22000000', CAST(N'2021-01-26T19:41:40.937' AS DateTime), CAST(N'2021-01-26T19:41:40.937' AS DateTime), N'30')
INSERT [dbo].[TBL_AUDIT_TRAIL] ([ID_AUDIT], [NAMA_TABEL], [AKSI], [NAMA_FIELD], [VALUE_LAMA], [VALUE_BARU], [CREATED_DATE], [MODIFIED_DATE], [userid]) VALUES (52, N'TBL_TRANSAKSI,TR_DETAIL_PEMESANAN', N'DECREASE CAR ON CART', N'', N'', N', 12800000', CAST(N'2021-01-26T19:41:50.587' AS DateTime), CAST(N'2021-01-26T19:41:50.587' AS DateTime), N'30')
INSERT [dbo].[TBL_AUDIT_TRAIL] ([ID_AUDIT], [NAMA_TABEL], [AKSI], [NAMA_FIELD], [VALUE_LAMA], [VALUE_BARU], [CREATED_DATE], [MODIFIED_DATE], [userid]) VALUES (53, N'TBL_TRANSAKSI,TR_DETAIL_PEMESANAN', N'DECREASE CAR ON CART', N'', N'', N'16, 5200000', CAST(N'2021-01-26T19:45:25.390' AS DateTime), CAST(N'2021-01-26T19:45:25.390' AS DateTime), N'30')
INSERT [dbo].[TBL_AUDIT_TRAIL] ([ID_AUDIT], [NAMA_TABEL], [AKSI], [NAMA_FIELD], [VALUE_LAMA], [VALUE_BARU], [CREATED_DATE], [MODIFIED_DATE], [userid]) VALUES (54, N'TBL_TRANSAKSI', N'ADD PROMO', N'NAMA_BANK', N'16, ', N'16, 520000', CAST(N'2021-01-26T19:45:51.213' AS DateTime), CAST(N'2021-01-26T19:45:51.213' AS DateTime), N'30')
INSERT [dbo].[TBL_AUDIT_TRAIL] ([ID_AUDIT], [NAMA_TABEL], [AKSI], [NAMA_FIELD], [VALUE_LAMA], [VALUE_BARU], [CREATED_DATE], [MODIFIED_DATE], [userid]) VALUES (55, N'TBL_TRANSAKSI', N'EDIT,DELETE PROMO', N'', N'16, 520000, 1, 4680000', N'16, , , 5200000', CAST(N'2021-01-26T19:46:47.220' AS DateTime), CAST(N'2021-01-26T19:46:47.220' AS DateTime), N'30')
INSERT [dbo].[TBL_AUDIT_TRAIL] ([ID_AUDIT], [NAMA_TABEL], [AKSI], [NAMA_FIELD], [VALUE_LAMA], [VALUE_BARU], [CREATED_DATE], [MODIFIED_DATE], [userid]) VALUES (56, N'TBL_TRANSAKSI', N'ADD PROMO', N'NAMA_BANK', N'16, ', N'16, 780000', CAST(N'2021-01-26T19:49:19.540' AS DateTime), CAST(N'2021-01-26T19:49:19.540' AS DateTime), N'30')
INSERT [dbo].[TBL_AUDIT_TRAIL] ([ID_AUDIT], [NAMA_TABEL], [AKSI], [NAMA_FIELD], [VALUE_LAMA], [VALUE_BARU], [CREATED_DATE], [MODIFIED_DATE], [userid]) VALUES (57, N'TBL_TRANSAKSI', N'ADD PROMO', N'NAMA_BANK', N'16, 780000', N'16, 260000', CAST(N'2021-01-26T19:49:40.853' AS DateTime), CAST(N'2021-01-26T19:49:40.853' AS DateTime), N'30')
INSERT [dbo].[TBL_AUDIT_TRAIL] ([ID_AUDIT], [NAMA_TABEL], [AKSI], [NAMA_FIELD], [VALUE_LAMA], [VALUE_BARU], [CREATED_DATE], [MODIFIED_DATE], [userid]) VALUES (58, N'TBL_TRANSAKSI,TR_DETAIL_PEMESANAN', NULL, N'', N'16, 4940000', N'16, 4940000', CAST(N'2021-01-26T19:49:54.500' AS DateTime), CAST(N'2021-01-26T19:49:54.500' AS DateTime), N'30')
INSERT [dbo].[TBL_AUDIT_TRAIL] ([ID_AUDIT], [NAMA_TABEL], [AKSI], [NAMA_FIELD], [VALUE_LAMA], [VALUE_BARU], [CREATED_DATE], [MODIFIED_DATE], [userid]) VALUES (59, N'TBL_TRANSAKSI,TR_DETAIL_PEMESANAN', N'UPDATED', N'', N'16, 4940000', N'16, 4940000', CAST(N'2021-01-26T19:53:31.100' AS DateTime), CAST(N'2021-01-26T19:53:31.100' AS DateTime), N'30')
INSERT [dbo].[TBL_AUDIT_TRAIL] ([ID_AUDIT], [NAMA_TABEL], [AKSI], [NAMA_FIELD], [VALUE_LAMA], [VALUE_BARU], [CREATED_DATE], [MODIFIED_DATE], [userid]) VALUES (60, N'TBL_TRANSAKSI,TR_DETAIL_PEMESANAN', N'INCREASE CAR', N'', N'14, 6400000, asa', N'14, 12800000, asa', CAST(N'2021-01-26T19:59:15.940' AS DateTime), CAST(N'2021-01-26T19:59:15.940' AS DateTime), N'30')
INSERT [dbo].[TBL_AUDIT_TRAIL] ([ID_AUDIT], [NAMA_TABEL], [AKSI], [NAMA_FIELD], [VALUE_LAMA], [VALUE_BARU], [CREATED_DATE], [MODIFIED_DATE], [userid]) VALUES (61, N'TBL_TRANSAKSI,TR_DETAIL_PEMESANAN', N'DECREASE CAR', N'', N'14, 12800000, asas', N'14, 6400000, asas', CAST(N'2021-01-26T19:59:38.230' AS DateTime), CAST(N'2021-01-26T19:59:38.230' AS DateTime), N'30')
INSERT [dbo].[TBL_AUDIT_TRAIL] ([ID_AUDIT], [NAMA_TABEL], [AKSI], [NAMA_FIELD], [VALUE_LAMA], [VALUE_BARU], [CREATED_DATE], [MODIFIED_DATE], [userid]) VALUES (62, N'TBL_TRANSAKSI,TR_DETAIL_PEMESANAN', N'UPDATED', N'', N'14, 6400000, asas', N'14, 6400000, asas', CAST(N'2021-01-26T19:59:52.870' AS DateTime), CAST(N'2021-01-26T19:59:52.870' AS DateTime), N'30')
INSERT [dbo].[TBL_AUDIT_TRAIL] ([ID_AUDIT], [NAMA_TABEL], [AKSI], [NAMA_FIELD], [VALUE_LAMA], [VALUE_BARU], [CREATED_DATE], [MODIFIED_DATE], [userid]) VALUES (63, N'TBL_TRANSAKSI', N'ADD PROMO', N'NAMA_BANK', N'14, ', N'14, 640000', CAST(N'2021-01-26T20:00:00.603' AS DateTime), CAST(N'2021-01-26T20:00:00.603' AS DateTime), N'30')
INSERT [dbo].[TBL_AUDIT_TRAIL] ([ID_AUDIT], [NAMA_TABEL], [AKSI], [NAMA_FIELD], [VALUE_LAMA], [VALUE_BARU], [CREATED_DATE], [MODIFIED_DATE], [userid]) VALUES (64, N'TBL_TRANSAKSI,TR_DETAIL_PEMESANAN', N'DECREASE CAR ON CART', N'', N'', N'14, 2340000', CAST(N'2021-01-26T20:00:16.640' AS DateTime), CAST(N'2021-01-26T20:00:16.640' AS DateTime), N'30')
INSERT [dbo].[TBL_AUDIT_TRAIL] ([ID_AUDIT], [NAMA_TABEL], [AKSI], [NAMA_FIELD], [VALUE_LAMA], [VALUE_BARU], [CREATED_DATE], [MODIFIED_DATE], [userid]) VALUES (65, N'TBL_TRANSAKSI,TR_DETAIL_PEMESANAN', N'DELETE CART', N'', N'', N'14', CAST(N'2021-01-26T20:00:38.367' AS DateTime), CAST(N'2021-01-26T20:00:38.367' AS DateTime), N'30')
INSERT [dbo].[TBL_AUDIT_TRAIL] ([ID_AUDIT], [NAMA_TABEL], [AKSI], [NAMA_FIELD], [VALUE_LAMA], [VALUE_BARU], [CREATED_DATE], [MODIFIED_DATE], [userid]) VALUES (66, N'TBL_TRANSAKSI', N'EDIT,CHECKOUT', N'', N'16, 0, 1', N'16, 1, 1', CAST(N'2021-01-26T20:01:16.333' AS DateTime), CAST(N'2021-01-26T20:01:16.333' AS DateTime), N'30')
INSERT [dbo].[TBL_AUDIT_TRAIL] ([ID_AUDIT], [NAMA_TABEL], [AKSI], [NAMA_FIELD], [VALUE_LAMA], [VALUE_BARU], [CREATED_DATE], [MODIFIED_DATE], [userid]) VALUES (67, N'TBL_PEMBAYARAN', N'ADD PAYMENT METHOD', N'All Field', N'', N'26, 16, 1, 4940000', CAST(N'2021-01-26T20:17:47.907' AS DateTime), CAST(N'2021-01-26T20:17:47.907' AS DateTime), N'30')
INSERT [dbo].[TBL_AUDIT_TRAIL] ([ID_AUDIT], [NAMA_TABEL], [AKSI], [NAMA_FIELD], [VALUE_LAMA], [VALUE_BARU], [CREATED_DATE], [MODIFIED_DATE], [userid]) VALUES (68, N'TBL_PEMBAYARAN', N'EDIT PAYMENT METHOD', N'', N'26, 16, 1, 4940000', N'26, 16, 6, 4940000', CAST(N'2021-01-26T20:18:23.787' AS DateTime), CAST(N'2021-01-26T20:18:23.787' AS DateTime), N'30')
INSERT [dbo].[TBL_AUDIT_TRAIL] ([ID_AUDIT], [NAMA_TABEL], [AKSI], [NAMA_FIELD], [VALUE_LAMA], [VALUE_BARU], [CREATED_DATE], [MODIFIED_DATE], [userid]) VALUES (69, N'TBL_TRANSAKSI', N'UPLOAD PAYMENT TRANSACTION', N'', N'16, ', N'16, D:\ASPNet MVC\template bootstrap\Tricone\Tricone\images\21172918020210126202611776.jpg', CAST(N'2021-01-26T20:26:11.803' AS DateTime), CAST(N'2021-01-26T20:26:11.803' AS DateTime), N'30')
INSERT [dbo].[TBL_AUDIT_TRAIL] ([ID_AUDIT], [NAMA_TABEL], [AKSI], [NAMA_FIELD], [VALUE_LAMA], [VALUE_BARU], [CREATED_DATE], [MODIFIED_DATE], [userid]) VALUES (70, N'TBL_TRANSAKSI', N'UPLOAD PAYMENT TRANSACTION', N'', N'16, 21172918020210126202611776.jpg', N'16, 21172918020210126203049060.jpg', CAST(N'2021-01-26T20:30:49.087' AS DateTime), CAST(N'2021-01-26T20:30:49.087' AS DateTime), N'30')
INSERT [dbo].[TBL_AUDIT_TRAIL] ([ID_AUDIT], [NAMA_TABEL], [AKSI], [NAMA_FIELD], [VALUE_LAMA], [VALUE_BARU], [CREATED_DATE], [MODIFIED_DATE], [userid]) VALUES (71, N'TBL_TRANSAKSI', N'EDIT', N'', N'16, 1, 2', N'16, 1, 4', CAST(N'2021-01-26T20:33:23.457' AS DateTime), CAST(N'2021-01-26T20:33:23.457' AS DateTime), N'3')
INSERT [dbo].[TBL_AUDIT_TRAIL] ([ID_AUDIT], [NAMA_TABEL], [AKSI], [NAMA_FIELD], [VALUE_LAMA], [VALUE_BARU], [CREATED_DATE], [MODIFIED_DATE], [userid]) VALUES (72, N'TBL_TRANSAKSI', N'EDIT, APPROVED', N'', N'16, 1, 2', N'16, 1, 4', CAST(N'2021-01-26T20:38:17.440' AS DateTime), CAST(N'2021-01-26T20:38:17.440' AS DateTime), N'3')
INSERT [dbo].[TBL_AUDIT_TRAIL] ([ID_AUDIT], [NAMA_TABEL], [AKSI], [NAMA_FIELD], [VALUE_LAMA], [VALUE_BARU], [CREATED_DATE], [MODIFIED_DATE], [userid]) VALUES (73, N'TBL_TRANSAKSI,TR_DETAIL_PEMESANAN', N'ADD, RESCHEDULE', N'', N'16', N'17', CAST(N'2021-01-26T21:26:57.137' AS DateTime), CAST(N'2021-01-26T21:26:57.137' AS DateTime), N'30')
INSERT [dbo].[TBL_AUDIT_TRAIL] ([ID_AUDIT], [NAMA_TABEL], [AKSI], [NAMA_FIELD], [VALUE_LAMA], [VALUE_BARU], [CREATED_DATE], [MODIFIED_DATE], [userid]) VALUES (74, N'TBL_TRANSAKSI', N'EDIT, APPROVED', N'', N'17, 1, 2', N'17, 1, 4', CAST(N'2021-01-26T21:56:53.357' AS DateTime), CAST(N'2021-01-26T21:56:53.357' AS DateTime), N'3')
INSERT [dbo].[TBL_AUDIT_TRAIL] ([ID_AUDIT], [NAMA_TABEL], [AKSI], [NAMA_FIELD], [VALUE_LAMA], [VALUE_BARU], [CREATED_DATE], [MODIFIED_DATE], [userid]) VALUES (75, N'TBL_TRANSAKSI,TR_DETAIL_PEMESANAN', N'ADD, RESCHEDULE', N'', N'17', N'18', CAST(N'2021-01-26T21:58:38.067' AS DateTime), CAST(N'2021-01-26T21:58:38.067' AS DateTime), N'30')
INSERT [dbo].[TBL_AUDIT_TRAIL] ([ID_AUDIT], [NAMA_TABEL], [AKSI], [NAMA_FIELD], [VALUE_LAMA], [VALUE_BARU], [CREATED_DATE], [MODIFIED_DATE], [userid]) VALUES (76, N'TBL_TRANSAKSI,TR_DETAIL_PEMESANAN', N'EDIT, REJECTED', N'', N'18, 1, 2', N'18, 0, 3', CAST(N'2021-01-26T21:59:08.770' AS DateTime), CAST(N'2021-01-26T21:59:08.770' AS DateTime), N'3')
INSERT [dbo].[TBL_AUDIT_TRAIL] ([ID_AUDIT], [NAMA_TABEL], [AKSI], [NAMA_FIELD], [VALUE_LAMA], [VALUE_BARU], [CREATED_DATE], [MODIFIED_DATE], [userid]) VALUES (77, N'TBL_TRANSAKSI,TBL_REFUND', N'ADD REFUND REQUEST', N'', N'', N'17, 29', CAST(N'2021-01-26T22:20:21.827' AS DateTime), CAST(N'2021-01-26T22:20:21.827' AS DateTime), N'30')
INSERT [dbo].[TBL_AUDIT_TRAIL] ([ID_AUDIT], [NAMA_TABEL], [AKSI], [NAMA_FIELD], [VALUE_LAMA], [VALUE_BARU], [CREATED_DATE], [MODIFIED_DATE], [userid]) VALUES (78, N'TBL_TRANSAKSI,TBL_REFUND', N'DELETE REFUND REQUEST', N'', N'29, 17', N'29, 17', CAST(N'2021-01-26T22:20:40.953' AS DateTime), CAST(N'2021-01-26T22:20:40.953' AS DateTime), N'30')
INSERT [dbo].[TBL_AUDIT_TRAIL] ([ID_AUDIT], [NAMA_TABEL], [AKSI], [NAMA_FIELD], [VALUE_LAMA], [VALUE_BARU], [CREATED_DATE], [MODIFIED_DATE], [userid]) VALUES (79, N'TBL_TRANSAKSI,TBL_REFUND', N'ADD REFUND REQUEST', N'', N'', N'17, 30', CAST(N'2021-01-26T22:21:06.960' AS DateTime), CAST(N'2021-01-26T22:21:06.960' AS DateTime), N'30')
INSERT [dbo].[TBL_AUDIT_TRAIL] ([ID_AUDIT], [NAMA_TABEL], [AKSI], [NAMA_FIELD], [VALUE_LAMA], [VALUE_BARU], [CREATED_DATE], [MODIFIED_DATE], [userid]) VALUES (80, N'TBL_REFUND,TBL_TRANSAKSI', N'EDIT, APPROVED', N'', N'17, 30, 4', N'17, 30, 4', CAST(N'2021-01-26T22:38:20.020' AS DateTime), CAST(N'2021-01-26T22:38:20.020' AS DateTime), N'3')
INSERT [dbo].[TBL_AUDIT_TRAIL] ([ID_AUDIT], [NAMA_TABEL], [AKSI], [NAMA_FIELD], [VALUE_LAMA], [VALUE_BARU], [CREATED_DATE], [MODIFIED_DATE], [userid]) VALUES (81, N'TBL_REFUND', N'UPLOAD PAYMENT REFUND', N'', N'30, ', N'17, 21172918020210126223859885.jpg', CAST(N'2021-01-26T22:38:59.897' AS DateTime), CAST(N'2021-01-26T22:38:59.897' AS DateTime), N'3')
INSERT [dbo].[TBL_AUDIT_TRAIL] ([ID_AUDIT], [NAMA_TABEL], [AKSI], [NAMA_FIELD], [VALUE_LAMA], [VALUE_BARU], [CREATED_DATE], [MODIFIED_DATE], [userid]) VALUES (82, N'TBL_REFUND', N'EDIT, REJECTED', N'', N'30, 1, 0', N'30, 0, 3', CAST(N'2021-01-26T22:45:59.013' AS DateTime), CAST(N'2021-01-26T22:45:59.013' AS DateTime), N'3')
INSERT [dbo].[TBL_AUDIT_TRAIL] ([ID_AUDIT], [NAMA_TABEL], [AKSI], [NAMA_FIELD], [VALUE_LAMA], [VALUE_BARU], [CREATED_DATE], [MODIFIED_DATE], [userid]) VALUES (83, N'TBL_REFUND,TBL_TRANSAKSI', N'EDIT, APPROVED', N'', N'17, 30, 0', N'17, 30, 4', CAST(N'2021-01-26T22:46:33.820' AS DateTime), CAST(N'2021-01-26T22:46:33.820' AS DateTime), N'3')
INSERT [dbo].[TBL_AUDIT_TRAIL] ([ID_AUDIT], [NAMA_TABEL], [AKSI], [NAMA_FIELD], [VALUE_LAMA], [VALUE_BARU], [CREATED_DATE], [MODIFIED_DATE], [userid]) VALUES (84, N'TBL_REFUND', N'UPLOAD PAYMENT REFUND', N'', N'30, 21172918020210126223859885.jpg', N'30, Bushd20210126224650683.jpg', CAST(N'2021-01-26T22:46:50.693' AS DateTime), CAST(N'2021-01-26T22:46:50.693' AS DateTime), N'3')
INSERT [dbo].[TBL_AUDIT_TRAIL] ([ID_AUDIT], [NAMA_TABEL], [AKSI], [NAMA_FIELD], [VALUE_LAMA], [VALUE_BARU], [CREATED_DATE], [MODIFIED_DATE], [userid]) VALUES (85, N'detail_supir', N'EDIT, INSERT DRIVER', N'', N'159', N'159', CAST(N'2021-01-28T09:13:18.247' AS DateTime), CAST(N'2021-01-28T09:13:18.247' AS DateTime), N'3')
INSERT [dbo].[TBL_AUDIT_TRAIL] ([ID_AUDIT], [NAMA_TABEL], [AKSI], [NAMA_FIELD], [VALUE_LAMA], [VALUE_BARU], [CREATED_DATE], [MODIFIED_DATE], [userid]) VALUES (86, N'detail_supir', N'ADD, INSERT DRIVER', N'', N'', N'159', CAST(N'2021-01-28T09:16:00.153' AS DateTime), CAST(N'2021-01-28T09:16:00.153' AS DateTime), N'3')
INSERT [dbo].[TBL_AUDIT_TRAIL] ([ID_AUDIT], [NAMA_TABEL], [AKSI], [NAMA_FIELD], [VALUE_LAMA], [VALUE_BARU], [CREATED_DATE], [MODIFIED_DATE], [userid]) VALUES (87, N'detail_supir', N'ADD, INSERT DRIVER', N'', N'', N'160', CAST(N'2021-01-28T11:42:51.067' AS DateTime), CAST(N'2021-01-28T11:42:51.067' AS DateTime), N'3')
INSERT [dbo].[TBL_AUDIT_TRAIL] ([ID_AUDIT], [NAMA_TABEL], [AKSI], [NAMA_FIELD], [VALUE_LAMA], [VALUE_BARU], [CREATED_DATE], [MODIFIED_DATE], [userid]) VALUES (88, N'detail_supir', N'ADD, INSERT DRIVER', N'', N'', N'159', CAST(N'2021-01-28T12:02:25.267' AS DateTime), CAST(N'2021-01-28T12:02:25.267' AS DateTime), N'3')
INSERT [dbo].[TBL_AUDIT_TRAIL] ([ID_AUDIT], [NAMA_TABEL], [AKSI], [NAMA_FIELD], [VALUE_LAMA], [VALUE_BARU], [CREATED_DATE], [MODIFIED_DATE], [userid]) VALUES (89, N'TBL_TESTIMONI', N'EDIT', N'', N'4, 0', N'4, 1', CAST(N'2021-01-28T13:10:19.037' AS DateTime), CAST(N'2021-01-28T13:10:19.037' AS DateTime), N'3')
INSERT [dbo].[TBL_AUDIT_TRAIL] ([ID_AUDIT], [NAMA_TABEL], [AKSI], [NAMA_FIELD], [VALUE_LAMA], [VALUE_BARU], [CREATED_DATE], [MODIFIED_DATE], [userid]) VALUES (90, N'TBL_TESTIMONI', N'EDIT', N'', N'4, 1', N'4, 0', CAST(N'2021-01-28T13:11:09.280' AS DateTime), CAST(N'2021-01-28T13:11:09.280' AS DateTime), N'3')
INSERT [dbo].[TBL_AUDIT_TRAIL] ([ID_AUDIT], [NAMA_TABEL], [AKSI], [NAMA_FIELD], [VALUE_LAMA], [VALUE_BARU], [CREATED_DATE], [MODIFIED_DATE], [userid]) VALUES (91, N'TBL_TRANSAKSI,TR_DETAIL_PEMESANAN', N'ADD BOOKING', N'', N'', N'19, 3200000', CAST(N'2021-01-28T13:30:36.803' AS DateTime), CAST(N'2021-01-28T13:30:36.803' AS DateTime), N'30')
INSERT [dbo].[TBL_AUDIT_TRAIL] ([ID_AUDIT], [NAMA_TABEL], [AKSI], [NAMA_FIELD], [VALUE_LAMA], [VALUE_BARU], [CREATED_DATE], [MODIFIED_DATE], [userid]) VALUES (92, N'TBL_TRANSAKSI,TR_DETAIL_PEMESANAN', N'ADD OTHER CAR', N'', N'', N'19, 4600000', CAST(N'2021-01-28T13:30:51.260' AS DateTime), CAST(N'2021-01-28T13:30:51.260' AS DateTime), N'30')
INSERT [dbo].[TBL_AUDIT_TRAIL] ([ID_AUDIT], [NAMA_TABEL], [AKSI], [NAMA_FIELD], [VALUE_LAMA], [VALUE_BARU], [CREATED_DATE], [MODIFIED_DATE], [userid]) VALUES (93, N'TBL_TRANSAKSI', N'ADD PROMO', N'NAMA_BANK', N'19, ', N'19, 1170000', CAST(N'2021-01-28T13:36:04.730' AS DateTime), CAST(N'2021-01-28T13:36:04.730' AS DateTime), N'30')
INSERT [dbo].[TBL_AUDIT_TRAIL] ([ID_AUDIT], [NAMA_TABEL], [AKSI], [NAMA_FIELD], [VALUE_LAMA], [VALUE_BARU], [CREATED_DATE], [MODIFIED_DATE], [userid]) VALUES (94, N'TBL_TRANSAKSI,TR_DETAIL_PEMESANAN', N'UPDATED', N'', N'19, 6630000, testing', N'19, 9350000, testing', CAST(N'2021-01-28T13:36:25.170' AS DateTime), CAST(N'2021-01-28T13:36:25.170' AS DateTime), N'30')
INSERT [dbo].[TBL_AUDIT_TRAIL] ([ID_AUDIT], [NAMA_TABEL], [AKSI], [NAMA_FIELD], [VALUE_LAMA], [VALUE_BARU], [CREATED_DATE], [MODIFIED_DATE], [userid]) VALUES (95, N'TBL_TRANSAKSI', N'EDIT,CHECKOUT', N'', N'19, 0, 1', N'19, 1, 1', CAST(N'2021-01-28T13:40:59.073' AS DateTime), CAST(N'2021-01-28T13:40:59.073' AS DateTime), N'30')
INSERT [dbo].[TBL_AUDIT_TRAIL] ([ID_AUDIT], [NAMA_TABEL], [AKSI], [NAMA_FIELD], [VALUE_LAMA], [VALUE_BARU], [CREATED_DATE], [MODIFIED_DATE], [userid]) VALUES (96, N'TBL_PEMBAYARAN', N'ADD PAYMENT METHOD', N'All Field', N'', N'27, 19, 5, 9350000', CAST(N'2021-01-28T13:41:20.050' AS DateTime), CAST(N'2021-01-28T13:41:20.050' AS DateTime), N'30')
INSERT [dbo].[TBL_AUDIT_TRAIL] ([ID_AUDIT], [NAMA_TABEL], [AKSI], [NAMA_FIELD], [VALUE_LAMA], [VALUE_BARU], [CREATED_DATE], [MODIFIED_DATE], [userid]) VALUES (97, N'TBL_TRANSAKSI', N'UPLOAD PAYMENT TRANSACTION', N'', N'19, ', N'19, drop off bandara20210128134239043.png', CAST(N'2021-01-28T13:42:39.057' AS DateTime), CAST(N'2021-01-28T13:42:39.057' AS DateTime), N'30')
INSERT [dbo].[TBL_AUDIT_TRAIL] ([ID_AUDIT], [NAMA_TABEL], [AKSI], [NAMA_FIELD], [VALUE_LAMA], [VALUE_BARU], [CREATED_DATE], [MODIFIED_DATE], [userid]) VALUES (98, N'TBL_TRANSAKSI', N'EDIT, APPROVED', N'', N'19, 1, 2', N'19, 1, 4', CAST(N'2021-01-28T13:43:31.207' AS DateTime), CAST(N'2021-01-28T13:43:31.207' AS DateTime), N'3')
INSERT [dbo].[TBL_AUDIT_TRAIL] ([ID_AUDIT], [NAMA_TABEL], [AKSI], [NAMA_FIELD], [VALUE_LAMA], [VALUE_BARU], [CREATED_DATE], [MODIFIED_DATE], [userid]) VALUES (99, N'TBL_TRANSAKSI,TR_DETAIL_PEMESANAN', N'ADD, RESCHEDULE', N'', N'19', N'20', CAST(N'2021-01-28T14:11:21.537' AS DateTime), CAST(N'2021-01-28T14:11:21.537' AS DateTime), N'30')
INSERT [dbo].[TBL_AUDIT_TRAIL] ([ID_AUDIT], [NAMA_TABEL], [AKSI], [NAMA_FIELD], [VALUE_LAMA], [VALUE_BARU], [CREATED_DATE], [MODIFIED_DATE], [userid]) VALUES (100, N'TBL_TRANSAKSI,TR_DETAIL_PEMESANAN', N'EDIT, REJECTED', N'', N'20, 1, 2', N'20, 0, 3', CAST(N'2021-01-28T14:37:50.520' AS DateTime), CAST(N'2021-01-28T14:37:50.520' AS DateTime), N'3')
GO
INSERT [dbo].[TBL_AUDIT_TRAIL] ([ID_AUDIT], [NAMA_TABEL], [AKSI], [NAMA_FIELD], [VALUE_LAMA], [VALUE_BARU], [CREATED_DATE], [MODIFIED_DATE], [userid]) VALUES (101, N'TBL_TRANSAKSI,TBL_REFUND', N'ADD REFUND REQUEST', N'', N'', N'19, 31', CAST(N'2021-01-28T14:48:01.050' AS DateTime), CAST(N'2021-01-28T14:48:01.050' AS DateTime), N'30')
INSERT [dbo].[TBL_AUDIT_TRAIL] ([ID_AUDIT], [NAMA_TABEL], [AKSI], [NAMA_FIELD], [VALUE_LAMA], [VALUE_BARU], [CREATED_DATE], [MODIFIED_DATE], [userid]) VALUES (102, N'TBL_TRANSAKSI,TBL_REFUND', N'DELETE REFUND REQUEST', N'', N'31, 19', N'31, 19', CAST(N'2021-01-28T14:48:10.313' AS DateTime), CAST(N'2021-01-28T14:48:10.313' AS DateTime), N'30')
INSERT [dbo].[TBL_AUDIT_TRAIL] ([ID_AUDIT], [NAMA_TABEL], [AKSI], [NAMA_FIELD], [VALUE_LAMA], [VALUE_BARU], [CREATED_DATE], [MODIFIED_DATE], [userid]) VALUES (103, N'TBL_TRANSAKSI,TBL_REFUND', N'ADD REFUND REQUEST', N'', N'', N'19, 32', CAST(N'2021-01-28T14:48:27.580' AS DateTime), CAST(N'2021-01-28T14:48:27.580' AS DateTime), N'30')
INSERT [dbo].[TBL_AUDIT_TRAIL] ([ID_AUDIT], [NAMA_TABEL], [AKSI], [NAMA_FIELD], [VALUE_LAMA], [VALUE_BARU], [CREATED_DATE], [MODIFIED_DATE], [userid]) VALUES (104, N'TBL_REFUND', N'EDIT, REJECTED', N'', N'32, 1, 0', N'32, 0, 3', CAST(N'2021-01-28T14:56:28.893' AS DateTime), CAST(N'2021-01-28T14:56:28.897' AS DateTime), N'3')
INSERT [dbo].[TBL_AUDIT_TRAIL] ([ID_AUDIT], [NAMA_TABEL], [AKSI], [NAMA_FIELD], [VALUE_LAMA], [VALUE_BARU], [CREATED_DATE], [MODIFIED_DATE], [userid]) VALUES (105, N'TBL_REFUND', N'EDIT, REJECTED', N'', N'32, 0, 3', N'32, 0, 3', CAST(N'2021-01-28T14:56:36.747' AS DateTime), CAST(N'2021-01-28T14:56:36.747' AS DateTime), N'3')
INSERT [dbo].[TBL_AUDIT_TRAIL] ([ID_AUDIT], [NAMA_TABEL], [AKSI], [NAMA_FIELD], [VALUE_LAMA], [VALUE_BARU], [CREATED_DATE], [MODIFIED_DATE], [userid]) VALUES (106, N'TBL_REFUND', N'EDIT, REJECTED', N'', N'32, 0, 3', N'32, 0, 3', CAST(N'2021-01-28T14:56:48.713' AS DateTime), CAST(N'2021-01-28T14:56:48.713' AS DateTime), N'3')
INSERT [dbo].[TBL_AUDIT_TRAIL] ([ID_AUDIT], [NAMA_TABEL], [AKSI], [NAMA_FIELD], [VALUE_LAMA], [VALUE_BARU], [CREATED_DATE], [MODIFIED_DATE], [userid]) VALUES (107, N'TBL_TRANSAKSI,TBL_REFUND', N'EDIT, UPDATE REFUND REQUEST', N'', N'', N'19, 32', CAST(N'2021-01-28T14:58:30.560' AS DateTime), CAST(N'2021-01-28T14:58:30.560' AS DateTime), N'30')
INSERT [dbo].[TBL_AUDIT_TRAIL] ([ID_AUDIT], [NAMA_TABEL], [AKSI], [NAMA_FIELD], [VALUE_LAMA], [VALUE_BARU], [CREATED_DATE], [MODIFIED_DATE], [userid]) VALUES (108, N'TBL_REFUND', N'EDIT, REJECTED', N'', N'32, 1, 0', N'32, 0, 3', CAST(N'2021-01-28T14:59:25.240' AS DateTime), CAST(N'2021-01-28T14:59:25.240' AS DateTime), N'3')
INSERT [dbo].[TBL_AUDIT_TRAIL] ([ID_AUDIT], [NAMA_TABEL], [AKSI], [NAMA_FIELD], [VALUE_LAMA], [VALUE_BARU], [CREATED_DATE], [MODIFIED_DATE], [userid]) VALUES (109, N'TBL_TRANSAKSI,TBL_REFUND', N'EDIT, UPDATE REFUND REQUEST', N'', N'', N'19, 32', CAST(N'2021-01-28T15:01:21.003' AS DateTime), CAST(N'2021-01-28T15:01:21.003' AS DateTime), N'30')
INSERT [dbo].[TBL_AUDIT_TRAIL] ([ID_AUDIT], [NAMA_TABEL], [AKSI], [NAMA_FIELD], [VALUE_LAMA], [VALUE_BARU], [CREATED_DATE], [MODIFIED_DATE], [userid]) VALUES (110, N'TBL_REFUND,TBL_TRANSAKSI', N'EDIT, APPROVED', N'', N'19, 32, 4', N'19, 32, 4', CAST(N'2021-01-28T15:01:48.100' AS DateTime), CAST(N'2021-01-28T15:01:48.100' AS DateTime), N'3')
INSERT [dbo].[TBL_AUDIT_TRAIL] ([ID_AUDIT], [NAMA_TABEL], [AKSI], [NAMA_FIELD], [VALUE_LAMA], [VALUE_BARU], [CREATED_DATE], [MODIFIED_DATE], [userid]) VALUES (111, N'TBL_REFUND', N'UPLOAD PAYMENT REFUND', N'', N'32, ', N'32, 19.Re-schedule Admin2021012313492505620210128150202660.png', CAST(N'2021-01-28T15:02:02.670' AS DateTime), CAST(N'2021-01-28T15:02:02.670' AS DateTime), N'3')
SET IDENTITY_INSERT [dbo].[TBL_AUDIT_TRAIL] OFF
GO
SET IDENTITY_INSERT [dbo].[TBL_DETAILSERVIS] ON 

INSERT [dbo].[TBL_DETAILSERVIS] ([ID_DETAILSERVIS], [NAMA_SERVIS], [DESKRIPSI], [FOTO_DESKRIPSI], [CREATED_DATE], [MODIFIED_DATE]) VALUES (1, N'MUDIK', N'The longed for Ramadan is in sight. Eid al-Fitr ran closer. The Eid holiday that has been waiting for is starting to become a topic of discussion. In order to welcome these three happy moments, from now on I have started to make various plans. Among them are breaking the fast with a large family, going home to their hometown, going to visit relatives in one city, to filling holidays by visiting several tourist destinations.
Lebaran in Indonesia is inseparable from the homecoming tradition. Even though it looks easy, the atmosphere and conditions for going home during Eid are very different from normal days. Therefore, to live a tradition that has been going on for a long time, it is necessary to plan carefully in advance. A healthy body condition, strong mentality, enough wallet contents and of course the right transportation, all need to be prepared.
Completing the choice of transportation modes for customers, Tricone Travel offers standard car rental services with rates that include car rental services and drivers.', N'mudik-gratis-202020210124214646762.jpg', CAST(N'2021-01-23T19:40:31.423' AS DateTime), CAST(N'2021-01-24T21:46:46.760' AS DateTime))
INSERT [dbo].[TBL_DETAILSERVIS] ([ID_DETAILSERVIS], [NAMA_SERVIS], [DESKRIPSI], [FOTO_DESKRIPSI], [CREATED_DATE], [MODIFIED_DATE]) VALUES (2, N'TRIP TRAVELLING', N'You can not only enjoy the excitement in tourist objects from tourist activities. Even while spending time on the trip, you can feel special pleasure.
The natural scenery on the left and right of the road can be a sedative for your mind that is upset thinking about your daily work.
In addition, if you take a tour by renting our bus at www.tricone.com, you will be very spoiled for the various supporting features in it. Our fleet is ready to take you wherever you are on vacation.', N'trip20210124215756215.jpg', CAST(N'2021-01-23T19:43:28.090' AS DateTime), CAST(N'2021-01-24T21:57:56.217' AS DateTime))
INSERT [dbo].[TBL_DETAILSERVIS] ([ID_DETAILSERVIS], [NAMA_SERVIS], [DESKRIPSI], [FOTO_DESKRIPSI], [CREATED_DATE], [MODIFIED_DATE]) VALUES (3, N'DROP OFF AIRPORT', N'Welcome to Soekarno Hatta International Airport, Jakarta. Such is the welcome we often hear if we can travel by plane through Soekarno Hatta airport. As the busiest airport in Indonesia, Soekarno Hatta Airport requires other transportation to support passenger mobility after leaving the plane. The solution is here, his choice of Tricone Travel as a tourist bus rental agent at Soekarno Hatta airport in Jakarta. Tricone Travel always makes it easy if you travel by plane. Tricone Travel serves pick-up and drop-off at Soekarno Hatta Airport with various capacity options.
All transportation options at us accept pick-up at Soekarno Hatta airport and Halim Perdanakusuma airport for shuttle and pick-up needs. Tricone Travel also serves deliveries outside Jakarta such as Bekasi, Depok, Bogor, Bandung etc. All we can serve with the ease of ordering and a good bus, of course. Tour bus rental services at Soekarno Hatta Jakarta airport are fun only at Tricone Travel, of course.', N'drop off bandara20210124221317271.png', CAST(N'2021-01-23T19:44:47.083' AS DateTime), CAST(N'2021-01-24T22:13:17.270' AS DateTime))
INSERT [dbo].[TBL_DETAILSERVIS] ([ID_DETAILSERVIS], [NAMA_SERVIS], [DESKRIPSI], [FOTO_DESKRIPSI], [CREATED_DATE], [MODIFIED_DATE]) VALUES (4, N'PICK UP AND DROP OFF', N'Tricone Travel provides solutions in vehicle rental in anticipation of the COVID-19 Pandemic. Namely, a shuttle service for employees who are free of COVID-19 with the implementation of adapting new habits.
We continue to add these facilities, in order to maintain the trust of every customer so that it feels safe and comfortable to be in the takatrans fleet. We try to keep the whole unit sterilized all the time. So that your employees can carry out activities during the adaptation period of new habits, can travel to and from the office safely until they return home. Hopefully the facilities we offer will be the solution to your needs. Because you are PRIORITY!', N'Antar-Jemput-Karyawan20210124152458842.jpg', CAST(N'2021-01-23T19:47:23.063' AS DateTime), CAST(N'2021-01-24T15:24:58.843' AS DateTime))
INSERT [dbo].[TBL_DETAILSERVIS] ([ID_DETAILSERVIS], [NAMA_SERVIS], [DESKRIPSI], [FOTO_DESKRIPSI], [CREATED_DATE], [MODIFIED_DATE]) VALUES (5, N'MICE (Meeting, Incentive, Conference and Exhibition)', N'If you need a service to pick up and drop off participants from MICE activities you can choose Tricone Travel as a transportation service, we are quite confident in this field, besides that we also offer special discounts', N'mice20210124222703761.jpg', CAST(N'2021-01-23T20:46:13.597' AS DateTime), CAST(N'2021-01-24T22:27:03.760' AS DateTime))
INSERT [dbo].[TBL_DETAILSERVIS] ([ID_DETAILSERVIS], [NAMA_SERVIS], [DESKRIPSI], [FOTO_DESKRIPSI], [CREATED_DATE], [MODIFIED_DATE]) VALUES (6, N'Grand Assembly', N'For Muslims or Muslims who live in Jakarta, Tricone Tour travel serves religious tourism to the saints'' eating places at affordable prices. Currently, you can use the services of Tricone Travel, which has experience in various fields of religious tourism such as in Semarang, Demak, Kudus, Pati.
The guardian songo religious tour package that we provide can vary, starting from the various facilities provided according to participant requests. If participants want a cheaper travel package we recommend for rental or hiace rental only, and we also present religious tour packages complete with parking fees and tolls. You can choose this wali Songo pilgrimage tour package, starting from the pilgrimage package for the guardian of East Pantura, Central Java, with a trip duration of 2 days 1 night to the Wali Songo pilgrimage tour.
For those of you who want a religious tour of the Walisongo pilgrimage tour and trace the development of Islam on the island of Java brought by the guardians and get to know the figure of the spreader of Islam known as guardian Songo (9) and know where his grave is, we provide pilgrimage tour packages.', N'pengajian20210124220240383.jpg', CAST(N'2021-01-24T14:20:32.627' AS DateTime), CAST(N'2021-01-24T22:02:40.383' AS DateTime))
SET IDENTITY_INSERT [dbo].[TBL_DETAILSERVIS] OFF
GO
SET IDENTITY_INSERT [dbo].[TBL_EROR_LOG] ON 

INSERT [dbo].[TBL_EROR_LOG] ([ID_LOG], [ID_USER], [EROR_LINE], [EROR_TIME], [EROR_DESCRIPTION], [CREATED_DATE], [MODIFIED_DATE], [pathfileerror]) VALUES (1, N'3', N'1', CAST(N'2021-01-26T01:09:58.857' AS DateTime), N'Validation failed for one or more entities. See ''EntityValidationErrors'' property for more details.', CAST(N'2021-01-26T01:09:58.857' AS DateTime), CAST(N'2021-01-26T01:09:58.857' AS DateTime), N'Bank20210126010958855ErrorLog.txt')
INSERT [dbo].[TBL_EROR_LOG] ([ID_LOG], [ID_USER], [EROR_LINE], [EROR_TIME], [EROR_DESCRIPTION], [CREATED_DATE], [MODIFIED_DATE], [pathfileerror]) VALUES (2, N'3', N'StackTrace:    at System.Data.Entity.Internal.InternalContext.SaveChanges()
   at System.Data.Entity.Internal.LazyInternalContext.SaveChanges()
   at System.Data.Entity.DbContext.SaveChanges()
   at Tricone.Controllers.BankController.AddorEdit(MS_BANK bank) in D:\ASPNet MVC\template bootstrap\Tricone\Tricone\Controllers\BankController.cs:line 66', CAST(N'2021-01-26T01:34:44.147' AS DateTime), N'Validation failed for one or more entities. See ''EntityValidationErrors'' property for more details.', CAST(N'2021-01-26T01:34:44.147' AS DateTime), CAST(N'2021-01-26T01:34:44.147' AS DateTime), NULL)
INSERT [dbo].[TBL_EROR_LOG] ([ID_LOG], [ID_USER], [EROR_LINE], [EROR_TIME], [EROR_DESCRIPTION], [CREATED_DATE], [MODIFIED_DATE], [pathfileerror]) VALUES (3, N'30', N'StackTrace:    at System.Data.Entity.Core.Objects.ELinq.ExpressionConverter.MethodCallTranslator.DefaultTranslator.Translate(ExpressionConverter parent, MethodCallExpression call)
   at System.Data.Entity.Core.Objects.ELinq.ExpressionConverter.MethodCallTranslator.TypedTranslate(ExpressionConverter parent, MethodCallExpression linq)
   at System.Data.Entity.Core.Objects.ELinq.ExpressionConverter.TypedTranslator`1.Translate(ExpressionConverter parent, Expression linq)
   at System.Data.Entity.Core.Objects.ELinq.ExpressionConverter.TranslateExpression(Expression linq)
   at System.Data.Entity.Core.Objects.ELinq.ExpressionConverter.EqualsTranslator.TypedTranslate(ExpressionConverter parent, BinaryExpression linq)
   at System.Data.Entity.Core.Objects.ELinq.ExpressionConverter.TypedTranslator`1.Translate(ExpressionConverter parent, Expression linq)
   at System.Data.Entity.Core.Objects.ELinq.ExpressionConverter.TranslateExpression(Expression linq)
   at System.Data.Entity.Core.Objects.ELinq.ExpressionConverter.TranslateLambda(LambdaExpression lambda, DbExpression input)
   at System.Data.Entity.Core.Objects.ELinq.ExpressionConverter.TranslateLambda(LambdaExpression lambda, DbExpression input, DbExpressionBinding& binding)
   at System.Data.Entity.Core.Objects.ELinq.ExpressionConverter.MethodCallTranslator.OneLambdaTranslator.Translate(ExpressionConverter parent, MethodCallExpression call, DbExpression& source, DbExpressionBinding& sourceBinding, DbExpression& lambda)
   at System.Data.Entity.Core.Objects.ELinq.ExpressionConverter.MethodCallTranslator.OneLambdaTranslator.Translate(ExpressionConverter parent, MethodCallExpression call)
   at System.Data.Entity.Core.Objects.ELinq.ExpressionConverter.MethodCallTranslator.SequenceMethodTranslator.Translate(ExpressionConverter parent, MethodCallExpression call, SequenceMethod sequenceMethod)
   at System.Data.Entity.Core.Objects.ELinq.ExpressionConverter.MethodCallTranslator.TypedTranslate(ExpressionConverter parent, MethodCallExpression linq)
   at System.Data.Entity.Core.Objects.ELinq.ExpressionConverter.TypedTranslator`1.Translate(ExpressionConverter parent, Expression linq)
   at System.Data.Entity.Core.Objects.ELinq.ExpressionConverter.TranslateExpression(Expression linq)
   at System.Data.Entity.Core.Objects.ELinq.ExpressionConverter.MethodCallTranslator.UnarySequenceMethodTranslator.Translate(ExpressionConverter parent, MethodCallExpression call)
   at System.Data.Entity.Core.Objects.ELinq.ExpressionConverter.MethodCallTranslator.SequenceMethodTranslator.Translate(ExpressionConverter parent, MethodCallExpression call, SequenceMethod sequenceMethod)
   at System.Data.Entity.Core.Objects.ELinq.ExpressionConverter.MethodCallTranslator.TypedTranslate(ExpressionConverter parent, MethodCallExpression linq)
   at System.Data.Entity.Core.Objects.ELinq.ExpressionConverter.TypedTranslator`1.Translate(ExpressionConverter parent, Expression linq)
   at System.Data.Entity.Core.Objects.ELinq.ExpressionConverter.TranslateExpression(Expression linq)
   at System.Data.Entity.Core.Objects.ELinq.ExpressionConverter.Convert()
   at System.Data.Entity.Core.Objects.ELinq.ELinqQueryState.GetExecutionPlan(Nullable`1 forMergeOption)
   at System.Data.Entity.Core.Objects.ObjectQuery`1.<>c__DisplayClass7.<GetResults>b__6()
   at System.Data.Entity.Core.Objects.ObjectContext.ExecuteInTransaction[T](Func`1 func, IDbExecutionStrategy executionStrategy, Boolean startLocalTransaction, Boolean releaseConnectionOnSuccess)
   at System.Data.Entity.Core.Objects.ObjectQuery`1.<>c__DisplayClass7.<GetResults>b__5()
   at System.Data.Entity.SqlServer.DefaultSqlExecutionStrategy.Execute[TResult](Func`1 operation)
   at System.Data.Entity.Core.Objects.ObjectQuery`1.GetResults(Nullable`1 forMergeOption)
   at System.Data.Entity.Core.Objects.ObjectQuery`1.<System.Collections.Generic.IEnumerable<T>.GetEnumerator>b__0()
   at System.Data.Entity.Internal.LazyEnumerator`1.MoveNext()
   at System.Linq.Enumerable.FirstOrDefault[TSource](IEnumerable`1 source)
   at System.Data.Entity.Core.Objects.ELinq.ObjectQueryProvider.<GetElementFunction>b__1[TResult](IEnumerable`1 sequence)
   at System.Data.Entity.Core.Objects.ELinq.ObjectQueryProvider.ExecuteSingle[TResult](IEnumerable`1 query, Expression queryRoot)
   at System.Data.Entity.Core.Objects.ELinq.ObjectQueryProvider.System.Linq.IQueryProvider.Execute[TResult](Expression expression)
   at System.Data.Entity.Internal.Linq.DbQueryProvider.Execute[TResult](Expression expression)
   at System.Linq.Queryable.FirstOrDefault[TSource](IQueryable`1 source)
   at Tricone.Controllers.CartController.postCart(List`1 model, FormCollection pesan) in D:\ASPNet MVC\template bootstrap\Tricone\Tricone\Controllers\CartController.cs:line 121', CAST(N'2021-01-26T19:12:32.043' AS DateTime), N'LINQ to Entities does not recognize the method ''Int32 ToInt32(System.String)'' method, and this method cannot be translated into a store expression.', CAST(N'2021-01-26T19:12:32.043' AS DateTime), CAST(N'2021-01-26T19:12:32.043' AS DateTime), NULL)
INSERT [dbo].[TBL_EROR_LOG] ([ID_LOG], [ID_USER], [EROR_LINE], [EROR_TIME], [EROR_DESCRIPTION], [CREATED_DATE], [MODIFIED_DATE], [pathfileerror]) VALUES (4, N'30', N'StackTrace:    at System.Data.Entity.Core.Objects.ELinq.ExpressionConverter.MethodCallTranslator.DefaultTranslator.Translate(ExpressionConverter parent, MethodCallExpression call)
   at System.Data.Entity.Core.Objects.ELinq.ExpressionConverter.MethodCallTranslator.TypedTranslate(ExpressionConverter parent, MethodCallExpression linq)
   at System.Data.Entity.Core.Objects.ELinq.ExpressionConverter.TypedTranslator`1.Translate(ExpressionConverter parent, Expression linq)
   at System.Data.Entity.Core.Objects.ELinq.ExpressionConverter.TranslateExpression(Expression linq)
   at System.Data.Entity.Core.Objects.ELinq.ExpressionConverter.EqualsTranslator.TypedTranslate(ExpressionConverter parent, BinaryExpression linq)
   at System.Data.Entity.Core.Objects.ELinq.ExpressionConverter.TypedTranslator`1.Translate(ExpressionConverter parent, Expression linq)
   at System.Data.Entity.Core.Objects.ELinq.ExpressionConverter.TranslateExpression(Expression linq)
   at System.Data.Entity.Core.Objects.ELinq.ExpressionConverter.TranslateLambda(LambdaExpression lambda, DbExpression input)
   at System.Data.Entity.Core.Objects.ELinq.ExpressionConverter.TranslateLambda(LambdaExpression lambda, DbExpression input, DbExpressionBinding& binding)
   at System.Data.Entity.Core.Objects.ELinq.ExpressionConverter.MethodCallTranslator.OneLambdaTranslator.Translate(ExpressionConverter parent, MethodCallExpression call, DbExpression& source, DbExpressionBinding& sourceBinding, DbExpression& lambda)
   at System.Data.Entity.Core.Objects.ELinq.ExpressionConverter.MethodCallTranslator.OneLambdaTranslator.Translate(ExpressionConverter parent, MethodCallExpression call)
   at System.Data.Entity.Core.Objects.ELinq.ExpressionConverter.MethodCallTranslator.SequenceMethodTranslator.Translate(ExpressionConverter parent, MethodCallExpression call, SequenceMethod sequenceMethod)
   at System.Data.Entity.Core.Objects.ELinq.ExpressionConverter.MethodCallTranslator.TypedTranslate(ExpressionConverter parent, MethodCallExpression linq)
   at System.Data.Entity.Core.Objects.ELinq.ExpressionConverter.TypedTranslator`1.Translate(ExpressionConverter parent, Expression linq)
   at System.Data.Entity.Core.Objects.ELinq.ExpressionConverter.TranslateExpression(Expression linq)
   at System.Data.Entity.Core.Objects.ELinq.ExpressionConverter.MethodCallTranslator.UnarySequenceMethodTranslator.Translate(ExpressionConverter parent, MethodCallExpression call)
   at System.Data.Entity.Core.Objects.ELinq.ExpressionConverter.MethodCallTranslator.SequenceMethodTranslator.Translate(ExpressionConverter parent, MethodCallExpression call, SequenceMethod sequenceMethod)
   at System.Data.Entity.Core.Objects.ELinq.ExpressionConverter.MethodCallTranslator.TypedTranslate(ExpressionConverter parent, MethodCallExpression linq)
   at System.Data.Entity.Core.Objects.ELinq.ExpressionConverter.TypedTranslator`1.Translate(ExpressionConverter parent, Expression linq)
   at System.Data.Entity.Core.Objects.ELinq.ExpressionConverter.TranslateExpression(Expression linq)
   at System.Data.Entity.Core.Objects.ELinq.ExpressionConverter.Convert()
   at System.Data.Entity.Core.Objects.ELinq.ELinqQueryState.GetExecutionPlan(Nullable`1 forMergeOption)
   at System.Data.Entity.Core.Objects.ObjectQuery`1.<>c__DisplayClass7.<GetResults>b__6()
   at System.Data.Entity.Core.Objects.ObjectContext.ExecuteInTransaction[T](Func`1 func, IDbExecutionStrategy executionStrategy, Boolean startLocalTransaction, Boolean releaseConnectionOnSuccess)
   at System.Data.Entity.Core.Objects.ObjectQuery`1.<>c__DisplayClass7.<GetResults>b__5()
   at System.Data.Entity.SqlServer.DefaultSqlExecutionStrategy.Execute[TResult](Func`1 operation)
   at System.Data.Entity.Core.Objects.ObjectQuery`1.GetResults(Nullable`1 forMergeOption)
   at System.Data.Entity.Core.Objects.ObjectQuery`1.<System.Collections.Generic.IEnumerable<T>.GetEnumerator>b__0()
   at System.Data.Entity.Internal.LazyEnumerator`1.MoveNext()
   at System.Linq.Enumerable.FirstOrDefault[TSource](IEnumerable`1 source)
   at System.Data.Entity.Core.Objects.ELinq.ObjectQueryProvider.<GetElementFunction>b__1[TResult](IEnumerable`1 sequence)
   at System.Data.Entity.Core.Objects.ELinq.ObjectQueryProvider.ExecuteSingle[TResult](IEnumerable`1 query, Expression queryRoot)
   at System.Data.Entity.Core.Objects.ELinq.ObjectQueryProvider.System.Linq.IQueryProvider.Execute[TResult](Expression expression)
   at System.Data.Entity.Internal.Linq.DbQueryProvider.Execute[TResult](Expression expression)
   at System.Linq.Queryable.FirstOrDefault[TSource](IQueryable`1 source)
   at Tricone.Controllers.CartController.postCart(List`1 model, FormCollection pesan) in D:\ASPNet MVC\template bootstrap\Tricone\Tricone\Controllers\CartController.cs:line 121', CAST(N'2021-01-26T19:13:18.833' AS DateTime), N'LINQ to Entities does not recognize the method ''Int32 ToInt32(System.String)'' method, and this method cannot be translated into a store expression.', CAST(N'2021-01-26T19:13:18.833' AS DateTime), CAST(N'2021-01-26T19:13:18.833' AS DateTime), NULL)
INSERT [dbo].[TBL_EROR_LOG] ([ID_LOG], [ID_USER], [EROR_LINE], [EROR_TIME], [EROR_DESCRIPTION], [CREATED_DATE], [MODIFIED_DATE], [pathfileerror]) VALUES (5, N'30', N'StackTrace:    at System.Data.Entity.Core.Objects.ELinq.ExpressionConverter.MethodCallTranslator.DefaultTranslator.Translate(ExpressionConverter parent, MethodCallExpression call)
   at System.Data.Entity.Core.Objects.ELinq.ExpressionConverter.MethodCallTranslator.TypedTranslate(ExpressionConverter parent, MethodCallExpression linq)
   at System.Data.Entity.Core.Objects.ELinq.ExpressionConverter.TypedTranslator`1.Translate(ExpressionConverter parent, Expression linq)
   at System.Data.Entity.Core.Objects.ELinq.ExpressionConverter.TranslateExpression(Expression linq)
   at System.Data.Entity.Core.Objects.ELinq.ExpressionConverter.EqualsTranslator.TypedTranslate(ExpressionConverter parent, BinaryExpression linq)
   at System.Data.Entity.Core.Objects.ELinq.ExpressionConverter.TypedTranslator`1.Translate(ExpressionConverter parent, Expression linq)
   at System.Data.Entity.Core.Objects.ELinq.ExpressionConverter.TranslateExpression(Expression linq)
   at System.Data.Entity.Core.Objects.ELinq.ExpressionConverter.TranslateLambda(LambdaExpression lambda, DbExpression input)
   at System.Data.Entity.Core.Objects.ELinq.ExpressionConverter.TranslateLambda(LambdaExpression lambda, DbExpression input, DbExpressionBinding& binding)
   at System.Data.Entity.Core.Objects.ELinq.ExpressionConverter.MethodCallTranslator.OneLambdaTranslator.Translate(ExpressionConverter parent, MethodCallExpression call, DbExpression& source, DbExpressionBinding& sourceBinding, DbExpression& lambda)
   at System.Data.Entity.Core.Objects.ELinq.ExpressionConverter.MethodCallTranslator.OneLambdaTranslator.Translate(ExpressionConverter parent, MethodCallExpression call)
   at System.Data.Entity.Core.Objects.ELinq.ExpressionConverter.MethodCallTranslator.SequenceMethodTranslator.Translate(ExpressionConverter parent, MethodCallExpression call, SequenceMethod sequenceMethod)
   at System.Data.Entity.Core.Objects.ELinq.ExpressionConverter.MethodCallTranslator.TypedTranslate(ExpressionConverter parent, MethodCallExpression linq)
   at System.Data.Entity.Core.Objects.ELinq.ExpressionConverter.TypedTranslator`1.Translate(ExpressionConverter parent, Expression linq)
   at System.Data.Entity.Core.Objects.ELinq.ExpressionConverter.TranslateExpression(Expression linq)
   at System.Data.Entity.Core.Objects.ELinq.ExpressionConverter.MethodCallTranslator.UnarySequenceMethodTranslator.Translate(ExpressionConverter parent, MethodCallExpression call)
   at System.Data.Entity.Core.Objects.ELinq.ExpressionConverter.MethodCallTranslator.SequenceMethodTranslator.Translate(ExpressionConverter parent, MethodCallExpression call, SequenceMethod sequenceMethod)
   at System.Data.Entity.Core.Objects.ELinq.ExpressionConverter.MethodCallTranslator.TypedTranslate(ExpressionConverter parent, MethodCallExpression linq)
   at System.Data.Entity.Core.Objects.ELinq.ExpressionConverter.TypedTranslator`1.Translate(ExpressionConverter parent, Expression linq)
   at System.Data.Entity.Core.Objects.ELinq.ExpressionConverter.TranslateExpression(Expression linq)
   at System.Data.Entity.Core.Objects.ELinq.ExpressionConverter.Convert()
   at System.Data.Entity.Core.Objects.ELinq.ELinqQueryState.GetExecutionPlan(Nullable`1 forMergeOption)
   at System.Data.Entity.Core.Objects.ObjectQuery`1.<>c__DisplayClass7.<GetResults>b__6()
   at System.Data.Entity.Core.Objects.ObjectContext.ExecuteInTransaction[T](Func`1 func, IDbExecutionStrategy executionStrategy, Boolean startLocalTransaction, Boolean releaseConnectionOnSuccess)
   at System.Data.Entity.Core.Objects.ObjectQuery`1.<>c__DisplayClass7.<GetResults>b__5()
   at System.Data.Entity.SqlServer.DefaultSqlExecutionStrategy.Execute[TResult](Func`1 operation)
   at System.Data.Entity.Core.Objects.ObjectQuery`1.GetResults(Nullable`1 forMergeOption)
   at System.Data.Entity.Core.Objects.ObjectQuery`1.<System.Collections.Generic.IEnumerable<T>.GetEnumerator>b__0()
   at System.Data.Entity.Internal.LazyEnumerator`1.MoveNext()
   at System.Linq.Enumerable.FirstOrDefault[TSource](IEnumerable`1 source)
   at System.Data.Entity.Core.Objects.ELinq.ObjectQueryProvider.<GetElementFunction>b__1[TResult](IEnumerable`1 sequence)
   at System.Data.Entity.Core.Objects.ELinq.ObjectQueryProvider.ExecuteSingle[TResult](IEnumerable`1 query, Expression queryRoot)
   at System.Data.Entity.Core.Objects.ELinq.ObjectQueryProvider.System.Linq.IQueryProvider.Execute[TResult](Expression expression)
   at System.Data.Entity.Internal.Linq.DbQueryProvider.Execute[TResult](Expression expression)
   at System.Linq.Queryable.FirstOrDefault[TSource](IQueryable`1 source)
   at Tricone.Controllers.CartController.postCart(List`1 model, FormCollection pesan) in D:\ASPNet MVC\template bootstrap\Tricone\Tricone\Controllers\CartController.cs:line 121', CAST(N'2021-01-26T19:13:59.970' AS DateTime), N'LINQ to Entities does not recognize the method ''Int32 ToInt32(System.String)'' method, and this method cannot be translated into a store expression.', CAST(N'2021-01-26T19:13:59.970' AS DateTime), CAST(N'2021-01-26T19:13:59.970' AS DateTime), NULL)
INSERT [dbo].[TBL_EROR_LOG] ([ID_LOG], [ID_USER], [EROR_LINE], [EROR_TIME], [EROR_DESCRIPTION], [CREATED_DATE], [MODIFIED_DATE], [pathfileerror]) VALUES (6, N'30', N'StackTrace:    at System.Data.Entity.Core.Objects.ELinq.ExpressionConverter.MethodCallTranslator.DefaultTranslator.Translate(ExpressionConverter parent, MethodCallExpression call)
   at System.Data.Entity.Core.Objects.ELinq.ExpressionConverter.MethodCallTranslator.TypedTranslate(ExpressionConverter parent, MethodCallExpression linq)
   at System.Data.Entity.Core.Objects.ELinq.ExpressionConverter.TypedTranslator`1.Translate(ExpressionConverter parent, Expression linq)
   at System.Data.Entity.Core.Objects.ELinq.ExpressionConverter.TranslateExpression(Expression linq)
   at System.Data.Entity.Core.Objects.ELinq.ExpressionConverter.EqualsTranslator.TypedTranslate(ExpressionConverter parent, BinaryExpression linq)
   at System.Data.Entity.Core.Objects.ELinq.ExpressionConverter.TypedTranslator`1.Translate(ExpressionConverter parent, Expression linq)
   at System.Data.Entity.Core.Objects.ELinq.ExpressionConverter.TranslateExpression(Expression linq)
   at System.Data.Entity.Core.Objects.ELinq.ExpressionConverter.TranslateLambda(LambdaExpression lambda, DbExpression input)
   at System.Data.Entity.Core.Objects.ELinq.ExpressionConverter.TranslateLambda(LambdaExpression lambda, DbExpression input, DbExpressionBinding& binding)
   at System.Data.Entity.Core.Objects.ELinq.ExpressionConverter.MethodCallTranslator.OneLambdaTranslator.Translate(ExpressionConverter parent, MethodCallExpression call, DbExpression& source, DbExpressionBinding& sourceBinding, DbExpression& lambda)
   at System.Data.Entity.Core.Objects.ELinq.ExpressionConverter.MethodCallTranslator.OneLambdaTranslator.Translate(ExpressionConverter parent, MethodCallExpression call)
   at System.Data.Entity.Core.Objects.ELinq.ExpressionConverter.MethodCallTranslator.SequenceMethodTranslator.Translate(ExpressionConverter parent, MethodCallExpression call, SequenceMethod sequenceMethod)
   at System.Data.Entity.Core.Objects.ELinq.ExpressionConverter.MethodCallTranslator.TypedTranslate(ExpressionConverter parent, MethodCallExpression linq)
   at System.Data.Entity.Core.Objects.ELinq.ExpressionConverter.TypedTranslator`1.Translate(ExpressionConverter parent, Expression linq)
   at System.Data.Entity.Core.Objects.ELinq.ExpressionConverter.TranslateExpression(Expression linq)
   at System.Data.Entity.Core.Objects.ELinq.ExpressionConverter.MethodCallTranslator.UnarySequenceMethodTranslator.Translate(ExpressionConverter parent, MethodCallExpression call)
   at System.Data.Entity.Core.Objects.ELinq.ExpressionConverter.MethodCallTranslator.SequenceMethodTranslator.Translate(ExpressionConverter parent, MethodCallExpression call, SequenceMethod sequenceMethod)
   at System.Data.Entity.Core.Objects.ELinq.ExpressionConverter.MethodCallTranslator.TypedTranslate(ExpressionConverter parent, MethodCallExpression linq)
   at System.Data.Entity.Core.Objects.ELinq.ExpressionConverter.TypedTranslator`1.Translate(ExpressionConverter parent, Expression linq)
   at System.Data.Entity.Core.Objects.ELinq.ExpressionConverter.TranslateExpression(Expression linq)
   at System.Data.Entity.Core.Objects.ELinq.ExpressionConverter.Convert()
   at System.Data.Entity.Core.Objects.ELinq.ELinqQueryState.GetExecutionPlan(Nullable`1 forMergeOption)
   at System.Data.Entity.Core.Objects.ObjectQuery`1.<>c__DisplayClass7.<GetResults>b__6()
   at System.Data.Entity.Core.Objects.ObjectContext.ExecuteInTransaction[T](Func`1 func, IDbExecutionStrategy executionStrategy, Boolean startLocalTransaction, Boolean releaseConnectionOnSuccess)
   at System.Data.Entity.Core.Objects.ObjectQuery`1.<>c__DisplayClass7.<GetResults>b__5()
   at System.Data.Entity.SqlServer.DefaultSqlExecutionStrategy.Execute[TResult](Func`1 operation)
   at System.Data.Entity.Core.Objects.ObjectQuery`1.GetResults(Nullable`1 forMergeOption)
   at System.Data.Entity.Core.Objects.ObjectQuery`1.<System.Collections.Generic.IEnumerable<T>.GetEnumerator>b__0()
   at System.Data.Entity.Internal.LazyEnumerator`1.MoveNext()
   at System.Linq.Enumerable.FirstOrDefault[TSource](IEnumerable`1 source)
   at System.Data.Entity.Core.Objects.ELinq.ObjectQueryProvider.<GetElementFunction>b__1[TResult](IEnumerable`1 sequence)
   at System.Data.Entity.Core.Objects.ELinq.ObjectQueryProvider.ExecuteSingle[TResult](IEnumerable`1 query, Expression queryRoot)
   at System.Data.Entity.Core.Objects.ELinq.ObjectQueryProvider.System.Linq.IQueryProvider.Execute[TResult](Expression expression)
   at System.Data.Entity.Internal.Linq.DbQueryProvider.Execute[TResult](Expression expression)
   at System.Linq.Queryable.FirstOrDefault[TSource](IQueryable`1 source)
   at Tricone.Controllers.CartController.postCart(List`1 model, FormCollection pesan)', CAST(N'2021-01-26T19:16:11.340' AS DateTime), N'LINQ to Entities does not recognize the method ''Int32 ToInt32(System.String)'' method, and this method cannot be translated into a store expression.', CAST(N'2021-01-26T19:16:11.340' AS DateTime), CAST(N'2021-01-26T19:16:11.340' AS DateTime), NULL)
INSERT [dbo].[TBL_EROR_LOG] ([ID_LOG], [ID_USER], [EROR_LINE], [EROR_TIME], [EROR_DESCRIPTION], [CREATED_DATE], [MODIFIED_DATE], [pathfileerror]) VALUES (7, N'30', N'StackTrace:    at Tricone.Controllers.CartController.postCart(List`1 model, FormCollection pesan) in D:\ASPNet MVC\template bootstrap\Tricone\Tricone\Controllers\CartController.cs:line 121', CAST(N'2021-01-26T19:25:22.423' AS DateTime), N'Object reference not set to an instance of an object.', CAST(N'2021-01-26T19:25:22.423' AS DateTime), CAST(N'2021-01-26T19:25:22.423' AS DateTime), NULL)
INSERT [dbo].[TBL_EROR_LOG] ([ID_LOG], [ID_USER], [EROR_LINE], [EROR_TIME], [EROR_DESCRIPTION], [CREATED_DATE], [MODIFIED_DATE], [pathfileerror]) VALUES (8, N'30', N'StackTrace:    at System.Data.Entity.Core.Objects.ELinq.ExpressionConverter.MethodCallTranslator.DefaultTranslator.Translate(ExpressionConverter parent, MethodCallExpression call)
   at System.Data.Entity.Core.Objects.ELinq.ExpressionConverter.MethodCallTranslator.TypedTranslate(ExpressionConverter parent, MethodCallExpression linq)
   at System.Data.Entity.Core.Objects.ELinq.ExpressionConverter.TypedTranslator`1.Translate(ExpressionConverter parent, Expression linq)
   at System.Data.Entity.Core.Objects.ELinq.ExpressionConverter.TranslateExpression(Expression linq)
   at System.Data.Entity.Core.Objects.ELinq.ExpressionConverter.EqualsTranslator.TypedTranslate(ExpressionConverter parent, BinaryExpression linq)
   at System.Data.Entity.Core.Objects.ELinq.ExpressionConverter.TypedTranslator`1.Translate(ExpressionConverter parent, Expression linq)
   at System.Data.Entity.Core.Objects.ELinq.ExpressionConverter.TranslateExpression(Expression linq)
   at System.Data.Entity.Core.Objects.ELinq.ExpressionConverter.TranslateLambda(LambdaExpression lambda, DbExpression input)
   at System.Data.Entity.Core.Objects.ELinq.ExpressionConverter.TranslateLambda(LambdaExpression lambda, DbExpression input, DbExpressionBinding& binding)
   at System.Data.Entity.Core.Objects.ELinq.ExpressionConverter.MethodCallTranslator.OneLambdaTranslator.Translate(ExpressionConverter parent, MethodCallExpression call, DbExpression& source, DbExpressionBinding& sourceBinding, DbExpression& lambda)
   at System.Data.Entity.Core.Objects.ELinq.ExpressionConverter.MethodCallTranslator.OneLambdaTranslator.Translate(ExpressionConverter parent, MethodCallExpression call)
   at System.Data.Entity.Core.Objects.ELinq.ExpressionConverter.MethodCallTranslator.SequenceMethodTranslator.Translate(ExpressionConverter parent, MethodCallExpression call, SequenceMethod sequenceMethod)
   at System.Data.Entity.Core.Objects.ELinq.ExpressionConverter.MethodCallTranslator.TypedTranslate(ExpressionConverter parent, MethodCallExpression linq)
   at System.Data.Entity.Core.Objects.ELinq.ExpressionConverter.TypedTranslator`1.Translate(ExpressionConverter parent, Expression linq)
   at System.Data.Entity.Core.Objects.ELinq.ExpressionConverter.TranslateExpression(Expression linq)
   at System.Data.Entity.Core.Objects.ELinq.ExpressionConverter.MethodCallTranslator.UnarySequenceMethodTranslator.Translate(ExpressionConverter parent, MethodCallExpression call)
   at System.Data.Entity.Core.Objects.ELinq.ExpressionConverter.MethodCallTranslator.SequenceMethodTranslator.Translate(ExpressionConverter parent, MethodCallExpression call, SequenceMethod sequenceMethod)
   at System.Data.Entity.Core.Objects.ELinq.ExpressionConverter.MethodCallTranslator.TypedTranslate(ExpressionConverter parent, MethodCallExpression linq)
   at System.Data.Entity.Core.Objects.ELinq.ExpressionConverter.TypedTranslator`1.Translate(ExpressionConverter parent, Expression linq)
   at System.Data.Entity.Core.Objects.ELinq.ExpressionConverter.TranslateExpression(Expression linq)
   at System.Data.Entity.Core.Objects.ELinq.ExpressionConverter.Convert()
   at System.Data.Entity.Core.Objects.ELinq.ELinqQueryState.GetExecutionPlan(Nullable`1 forMergeOption)
   at System.Data.Entity.Core.Objects.ObjectQuery`1.<>c__DisplayClass7.<GetResults>b__6()
   at System.Data.Entity.Core.Objects.ObjectContext.ExecuteInTransaction[T](Func`1 func, IDbExecutionStrategy executionStrategy, Boolean startLocalTransaction, Boolean releaseConnectionOnSuccess)
   at System.Data.Entity.Core.Objects.ObjectQuery`1.<>c__DisplayClass7.<GetResults>b__5()
   at System.Data.Entity.SqlServer.DefaultSqlExecutionStrategy.Execute[TResult](Func`1 operation)
   at System.Data.Entity.Core.Objects.ObjectQuery`1.GetResults(Nullable`1 forMergeOption)
   at System.Data.Entity.Core.Objects.ObjectQuery`1.<System.Collections.Generic.IEnumerable<T>.GetEnumerator>b__0()
   at System.Data.Entity.Internal.LazyEnumerator`1.MoveNext()
   at System.Linq.Enumerable.FirstOrDefault[TSource](IEnumerable`1 source)
   at System.Data.Entity.Core.Objects.ELinq.ObjectQueryProvider.<GetElementFunction>b__1[TResult](IEnumerable`1 sequence)
   at System.Data.Entity.Core.Objects.ELinq.ObjectQueryProvider.ExecuteSingle[TResult](IEnumerable`1 query, Expression queryRoot)
   at System.Data.Entity.Core.Objects.ELinq.ObjectQueryProvider.System.Linq.IQueryProvider.Execute[TResult](Expression expression)
   at System.Data.Entity.Internal.Linq.DbQueryProvider.Execute[TResult](Expression expression)
   at System.Linq.Queryable.FirstOrDefault[TSource](IQueryable`1 source)
   at Tricone.Controllers.CartController.postCart(List`1 model, FormCollection pesan)', CAST(N'2021-01-26T19:29:32.287' AS DateTime), N'LINQ to Entities does not recognize the method ''Int32 ToInt32(System.String)'' method, and this method cannot be translated into a store expression.', CAST(N'2021-01-26T19:29:32.287' AS DateTime), CAST(N'2021-01-26T19:29:32.287' AS DateTime), NULL)
INSERT [dbo].[TBL_EROR_LOG] ([ID_LOG], [ID_USER], [EROR_LINE], [EROR_TIME], [EROR_DESCRIPTION], [CREATED_DATE], [MODIFIED_DATE], [pathfileerror]) VALUES (9, N'30', N'StackTrace:    at System.Data.Entity.Core.Objects.ELinq.ExpressionConverter.MethodCallTranslator.DefaultTranslator.Translate(ExpressionConverter parent, MethodCallExpression call)
   at System.Data.Entity.Core.Objects.ELinq.ExpressionConverter.MethodCallTranslator.TypedTranslate(ExpressionConverter parent, MethodCallExpression linq)
   at System.Data.Entity.Core.Objects.ELinq.ExpressionConverter.TypedTranslator`1.Translate(ExpressionConverter parent, Expression linq)
   at System.Data.Entity.Core.Objects.ELinq.ExpressionConverter.TranslateExpression(Expression linq)
   at System.Data.Entity.Core.Objects.ELinq.ExpressionConverter.EqualsTranslator.TypedTranslate(ExpressionConverter parent, BinaryExpression linq)
   at System.Data.Entity.Core.Objects.ELinq.ExpressionConverter.TypedTranslator`1.Translate(ExpressionConverter parent, Expression linq)
   at System.Data.Entity.Core.Objects.ELinq.ExpressionConverter.TranslateExpression(Expression linq)
   at System.Data.Entity.Core.Objects.ELinq.ExpressionConverter.TranslateLambda(LambdaExpression lambda, DbExpression input)
   at System.Data.Entity.Core.Objects.ELinq.ExpressionConverter.TranslateLambda(LambdaExpression lambda, DbExpression input, DbExpressionBinding& binding)
   at System.Data.Entity.Core.Objects.ELinq.ExpressionConverter.MethodCallTranslator.OneLambdaTranslator.Translate(ExpressionConverter parent, MethodCallExpression call, DbExpression& source, DbExpressionBinding& sourceBinding, DbExpression& lambda)
   at System.Data.Entity.Core.Objects.ELinq.ExpressionConverter.MethodCallTranslator.OneLambdaTranslator.Translate(ExpressionConverter parent, MethodCallExpression call)
   at System.Data.Entity.Core.Objects.ELinq.ExpressionConverter.MethodCallTranslator.SequenceMethodTranslator.Translate(ExpressionConverter parent, MethodCallExpression call, SequenceMethod sequenceMethod)
   at System.Data.Entity.Core.Objects.ELinq.ExpressionConverter.MethodCallTranslator.TypedTranslate(ExpressionConverter parent, MethodCallExpression linq)
   at System.Data.Entity.Core.Objects.ELinq.ExpressionConverter.TypedTranslator`1.Translate(ExpressionConverter parent, Expression linq)
   at System.Data.Entity.Core.Objects.ELinq.ExpressionConverter.TranslateExpression(Expression linq)
   at System.Data.Entity.Core.Objects.ELinq.ExpressionConverter.MethodCallTranslator.UnarySequenceMethodTranslator.Translate(ExpressionConverter parent, MethodCallExpression call)
   at System.Data.Entity.Core.Objects.ELinq.ExpressionConverter.MethodCallTranslator.SequenceMethodTranslator.Translate(ExpressionConverter parent, MethodCallExpression call, SequenceMethod sequenceMethod)
   at System.Data.Entity.Core.Objects.ELinq.ExpressionConverter.MethodCallTranslator.TypedTranslate(ExpressionConverter parent, MethodCallExpression linq)
   at System.Data.Entity.Core.Objects.ELinq.ExpressionConverter.TypedTranslator`1.Translate(ExpressionConverter parent, Expression linq)
   at System.Data.Entity.Core.Objects.ELinq.ExpressionConverter.TranslateExpression(Expression linq)
   at System.Data.Entity.Core.Objects.ELinq.ExpressionConverter.Convert()
   at System.Data.Entity.Core.Objects.ELinq.ELinqQueryState.GetExecutionPlan(Nullable`1 forMergeOption)
   at System.Data.Entity.Core.Objects.ObjectQuery`1.<>c__DisplayClass7.<GetResults>b__6()
   at System.Data.Entity.Core.Objects.ObjectContext.ExecuteInTransaction[T](Func`1 func, IDbExecutionStrategy executionStrategy, Boolean startLocalTransaction, Boolean releaseConnectionOnSuccess)
   at System.Data.Entity.Core.Objects.ObjectQuery`1.<>c__DisplayClass7.<GetResults>b__5()
   at System.Data.Entity.SqlServer.DefaultSqlExecutionStrategy.Execute[TResult](Func`1 operation)
   at System.Data.Entity.Core.Objects.ObjectQuery`1.GetResults(Nullable`1 forMergeOption)
   at System.Data.Entity.Core.Objects.ObjectQuery`1.<System.Collections.Generic.IEnumerable<T>.GetEnumerator>b__0()
   at System.Data.Entity.Internal.LazyEnumerator`1.MoveNext()
   at System.Linq.Enumerable.FirstOrDefault[TSource](IEnumerable`1 source)
   at System.Data.Entity.Core.Objects.ELinq.ObjectQueryProvider.<GetElementFunction>b__1[TResult](IEnumerable`1 sequence)
   at System.Data.Entity.Core.Objects.ELinq.ObjectQueryProvider.ExecuteSingle[TResult](IEnumerable`1 query, Expression queryRoot)
   at System.Data.Entity.Core.Objects.ELinq.ObjectQueryProvider.System.Linq.IQueryProvider.Execute[TResult](Expression expression)
   at System.Data.Entity.Internal.Linq.DbQueryProvider.Execute[TResult](Expression expression)
   at System.Linq.Queryable.FirstOrDefault[TSource](IQueryable`1 source)
   at Tricone.Controllers.CartController.postCart(List`1 model, FormCollection pesan) in D:\ASPNet MVC\template bootstrap\Tricone\Tricone\Controllers\CartController.cs:line 126', CAST(N'2021-01-26T19:30:38.873' AS DateTime), N'LINQ to Entities does not recognize the method ''Int32 ToInt32(System.String)'' method, and this method cannot be translated into a store expression.', CAST(N'2021-01-26T19:30:38.873' AS DateTime), CAST(N'2021-01-26T19:30:38.873' AS DateTime), NULL)
INSERT [dbo].[TBL_EROR_LOG] ([ID_LOG], [ID_USER], [EROR_LINE], [EROR_TIME], [EROR_DESCRIPTION], [CREATED_DATE], [MODIFIED_DATE], [pathfileerror]) VALUES (10, N'30', N'StackTrace:    at System.Data.Entity.Core.Objects.ELinq.ExpressionConverter.MethodCallTranslator.DefaultTranslator.Translate(ExpressionConverter parent, MethodCallExpression call)
   at System.Data.Entity.Core.Objects.ELinq.ExpressionConverter.MethodCallTranslator.TypedTranslate(ExpressionConverter parent, MethodCallExpression linq)
   at System.Data.Entity.Core.Objects.ELinq.ExpressionConverter.TypedTranslator`1.Translate(ExpressionConverter parent, Expression linq)
   at System.Data.Entity.Core.Objects.ELinq.ExpressionConverter.TranslateExpression(Expression linq)
   at System.Data.Entity.Core.Objects.ELinq.ExpressionConverter.EqualsTranslator.TypedTranslate(ExpressionConverter parent, BinaryExpression linq)
   at System.Data.Entity.Core.Objects.ELinq.ExpressionConverter.TypedTranslator`1.Translate(ExpressionConverter parent, Expression linq)
   at System.Data.Entity.Core.Objects.ELinq.ExpressionConverter.TranslateExpression(Expression linq)
   at System.Data.Entity.Core.Objects.ELinq.ExpressionConverter.TranslateLambda(LambdaExpression lambda, DbExpression input)
   at System.Data.Entity.Core.Objects.ELinq.ExpressionConverter.TranslateLambda(LambdaExpression lambda, DbExpression input, DbExpressionBinding& binding)
   at System.Data.Entity.Core.Objects.ELinq.ExpressionConverter.MethodCallTranslator.OneLambdaTranslator.Translate(ExpressionConverter parent, MethodCallExpression call, DbExpression& source, DbExpressionBinding& sourceBinding, DbExpression& lambda)
   at System.Data.Entity.Core.Objects.ELinq.ExpressionConverter.MethodCallTranslator.OneLambdaTranslator.Translate(ExpressionConverter parent, MethodCallExpression call)
   at System.Data.Entity.Core.Objects.ELinq.ExpressionConverter.MethodCallTranslator.SequenceMethodTranslator.Translate(ExpressionConverter parent, MethodCallExpression call, SequenceMethod sequenceMethod)
   at System.Data.Entity.Core.Objects.ELinq.ExpressionConverter.MethodCallTranslator.TypedTranslate(ExpressionConverter parent, MethodCallExpression linq)
   at System.Data.Entity.Core.Objects.ELinq.ExpressionConverter.TypedTranslator`1.Translate(ExpressionConverter parent, Expression linq)
   at System.Data.Entity.Core.Objects.ELinq.ExpressionConverter.TranslateExpression(Expression linq)
   at System.Data.Entity.Core.Objects.ELinq.ExpressionConverter.MethodCallTranslator.UnarySequenceMethodTranslator.Translate(ExpressionConverter parent, MethodCallExpression call)
   at System.Data.Entity.Core.Objects.ELinq.ExpressionConverter.MethodCallTranslator.SequenceMethodTranslator.Translate(ExpressionConverter parent, MethodCallExpression call, SequenceMethod sequenceMethod)
   at System.Data.Entity.Core.Objects.ELinq.ExpressionConverter.MethodCallTranslator.TypedTranslate(ExpressionConverter parent, MethodCallExpression linq)
   at System.Data.Entity.Core.Objects.ELinq.ExpressionConverter.TypedTranslator`1.Translate(ExpressionConverter parent, Expression linq)
   at System.Data.Entity.Core.Objects.ELinq.ExpressionConverter.TranslateExpression(Expression linq)
   at System.Data.Entity.Core.Objects.ELinq.ExpressionConverter.Convert()
   at System.Data.Entity.Core.Objects.ELinq.ELinqQueryState.GetExecutionPlan(Nullable`1 forMergeOption)
   at System.Data.Entity.Core.Objects.ObjectQuery`1.<>c__DisplayClass7.<GetResults>b__6()
   at System.Data.Entity.Core.Objects.ObjectContext.ExecuteInTransaction[T](Func`1 func, IDbExecutionStrategy executionStrategy, Boolean startLocalTransaction, Boolean releaseConnectionOnSuccess)
   at System.Data.Entity.Core.Objects.ObjectQuery`1.<>c__DisplayClass7.<GetResults>b__5()
   at System.Data.Entity.SqlServer.DefaultSqlExecutionStrategy.Execute[TResult](Func`1 operation)
   at System.Data.Entity.Core.Objects.ObjectQuery`1.GetResults(Nullable`1 forMergeOption)
   at System.Data.Entity.Core.Objects.ObjectQuery`1.<System.Collections.Generic.IEnumerable<T>.GetEnumerator>b__0()
   at System.Data.Entity.Internal.LazyEnumerator`1.MoveNext()
   at System.Linq.Enumerable.FirstOrDefault[TSource](IEnumerable`1 source)
   at System.Data.Entity.Core.Objects.ELinq.ObjectQueryProvider.<GetElementFunction>b__1[TResult](IEnumerable`1 sequence)
   at System.Data.Entity.Core.Objects.ELinq.ObjectQueryProvider.ExecuteSingle[TResult](IEnumerable`1 query, Expression queryRoot)
   at System.Data.Entity.Core.Objects.ELinq.ObjectQueryProvider.System.Linq.IQueryProvider.Execute[TResult](Expression expression)
   at System.Data.Entity.Internal.Linq.DbQueryProvider.Execute[TResult](Expression expression)
   at System.Linq.Queryable.FirstOrDefault[TSource](IQueryable`1 source)
   at Tricone.Controllers.CartController.postCart(List`1 model, FormCollection pesan) in D:\ASPNet MVC\template bootstrap\Tricone\Tricone\Controllers\CartController.cs:line 125', CAST(N'2021-01-26T19:34:50.923' AS DateTime), N'LINQ to Entities does not recognize the method ''Int32 ToInt32(System.String)'' method, and this method cannot be translated into a store expression.', CAST(N'2021-01-26T19:34:50.923' AS DateTime), CAST(N'2021-01-26T19:34:50.923' AS DateTime), NULL)
INSERT [dbo].[TBL_EROR_LOG] ([ID_LOG], [ID_USER], [EROR_LINE], [EROR_TIME], [EROR_DESCRIPTION], [CREATED_DATE], [MODIFIED_DATE], [pathfileerror]) VALUES (11, N'30', N'StackTrace:    at System.Data.Entity.Core.Objects.ELinq.ExpressionConverter.MethodCallTranslator.DefaultTranslator.Translate(ExpressionConverter parent, MethodCallExpression call)
   at System.Data.Entity.Core.Objects.ELinq.ExpressionConverter.MethodCallTranslator.TypedTranslate(ExpressionConverter parent, MethodCallExpression linq)
   at System.Data.Entity.Core.Objects.ELinq.ExpressionConverter.TypedTranslator`1.Translate(ExpressionConverter parent, Expression linq)
   at System.Data.Entity.Core.Objects.ELinq.ExpressionConverter.TranslateExpression(Expression linq)
   at System.Data.Entity.Core.Objects.ELinq.ExpressionConverter.EqualsTranslator.TypedTranslate(ExpressionConverter parent, BinaryExpression linq)
   at System.Data.Entity.Core.Objects.ELinq.ExpressionConverter.TypedTranslator`1.Translate(ExpressionConverter parent, Expression linq)
   at System.Data.Entity.Core.Objects.ELinq.ExpressionConverter.TranslateExpression(Expression linq)
   at System.Data.Entity.Core.Objects.ELinq.ExpressionConverter.TranslateLambda(LambdaExpression lambda, DbExpression input)
   at System.Data.Entity.Core.Objects.ELinq.ExpressionConverter.TranslateLambda(LambdaExpression lambda, DbExpression input, DbExpressionBinding& binding)
   at System.Data.Entity.Core.Objects.ELinq.ExpressionConverter.MethodCallTranslator.OneLambdaTranslator.Translate(ExpressionConverter parent, MethodCallExpression call, DbExpression& source, DbExpressionBinding& sourceBinding, DbExpression& lambda)
   at System.Data.Entity.Core.Objects.ELinq.ExpressionConverter.MethodCallTranslator.OneLambdaTranslator.Translate(ExpressionConverter parent, MethodCallExpression call)
   at System.Data.Entity.Core.Objects.ELinq.ExpressionConverter.MethodCallTranslator.SequenceMethodTranslator.Translate(ExpressionConverter parent, MethodCallExpression call, SequenceMethod sequenceMethod)
   at System.Data.Entity.Core.Objects.ELinq.ExpressionConverter.MethodCallTranslator.TypedTranslate(ExpressionConverter parent, MethodCallExpression linq)
   at System.Data.Entity.Core.Objects.ELinq.ExpressionConverter.TypedTranslator`1.Translate(ExpressionConverter parent, Expression linq)
   at System.Data.Entity.Core.Objects.ELinq.ExpressionConverter.TranslateExpression(Expression linq)
   at System.Data.Entity.Core.Objects.ELinq.ExpressionConverter.MethodCallTranslator.UnarySequenceMethodTranslator.Translate(ExpressionConverter parent, MethodCallExpression call)
   at System.Data.Entity.Core.Objects.ELinq.ExpressionConverter.MethodCallTranslator.SequenceMethodTranslator.Translate(ExpressionConverter parent, MethodCallExpression call, SequenceMethod sequenceMethod)
   at System.Data.Entity.Core.Objects.ELinq.ExpressionConverter.MethodCallTranslator.TypedTranslate(ExpressionConverter parent, MethodCallExpression linq)
   at System.Data.Entity.Core.Objects.ELinq.ExpressionConverter.TypedTranslator`1.Translate(ExpressionConverter parent, Expression linq)
   at System.Data.Entity.Core.Objects.ELinq.ExpressionConverter.TranslateExpression(Expression linq)
   at System.Data.Entity.Core.Objects.ELinq.ExpressionConverter.Convert()
   at System.Data.Entity.Core.Objects.ELinq.ELinqQueryState.GetExecutionPlan(Nullable`1 forMergeOption)
   at System.Data.Entity.Core.Objects.ObjectQuery`1.<>c__DisplayClass7.<GetResults>b__6()
   at System.Data.Entity.Core.Objects.ObjectContext.ExecuteInTransaction[T](Func`1 func, IDbExecutionStrategy executionStrategy, Boolean startLocalTransaction, Boolean releaseConnectionOnSuccess)
   at System.Data.Entity.Core.Objects.ObjectQuery`1.<>c__DisplayClass7.<GetResults>b__5()
   at System.Data.Entity.SqlServer.DefaultSqlExecutionStrategy.Execute[TResult](Func`1 operation)
   at System.Data.Entity.Core.Objects.ObjectQuery`1.GetResults(Nullable`1 forMergeOption)
   at System.Data.Entity.Core.Objects.ObjectQuery`1.<System.Collections.Generic.IEnumerable<T>.GetEnumerator>b__0()
   at System.Data.Entity.Internal.LazyEnumerator`1.MoveNext()
   at System.Linq.Enumerable.FirstOrDefault[TSource](IEnumerable`1 source)
   at System.Data.Entity.Core.Objects.ELinq.ObjectQueryProvider.<GetElementFunction>b__1[TResult](IEnumerable`1 sequence)
   at System.Data.Entity.Core.Objects.ELinq.ObjectQueryProvider.ExecuteSingle[TResult](IEnumerable`1 query, Expression queryRoot)
   at System.Data.Entity.Core.Objects.ELinq.ObjectQueryProvider.System.Linq.IQueryProvider.Execute[TResult](Expression expression)
   at System.Data.Entity.Internal.Linq.DbQueryProvider.Execute[TResult](Expression expression)
   at System.Linq.Queryable.FirstOrDefault[TSource](IQueryable`1 source)
   at Tricone.Controllers.CartController.postCart(List`1 model, FormCollection pesan) in D:\ASPNet MVC\template bootstrap\Tricone\Tricone\Controllers\CartController.cs:line 125', CAST(N'2021-01-26T19:36:35.450' AS DateTime), N'LINQ to Entities does not recognize the method ''Int32 ToInt32(Int32)'' method, and this method cannot be translated into a store expression.', CAST(N'2021-01-26T19:36:35.450' AS DateTime), CAST(N'2021-01-26T19:36:35.450' AS DateTime), NULL)
INSERT [dbo].[TBL_EROR_LOG] ([ID_LOG], [ID_USER], [EROR_LINE], [EROR_TIME], [EROR_DESCRIPTION], [CREATED_DATE], [MODIFIED_DATE], [pathfileerror]) VALUES (12, N'30', N'StackTrace:    at System.Data.Entity.Core.Objects.ELinq.ExpressionConverter.MethodCallTranslator.DefaultTranslator.Translate(ExpressionConverter parent, MethodCallExpression call)
   at System.Data.Entity.Core.Objects.ELinq.ExpressionConverter.MethodCallTranslator.TypedTranslate(ExpressionConverter parent, MethodCallExpression linq)
   at System.Data.Entity.Core.Objects.ELinq.ExpressionConverter.TypedTranslator`1.Translate(ExpressionConverter parent, Expression linq)
   at System.Data.Entity.Core.Objects.ELinq.ExpressionConverter.TranslateExpression(Expression linq)
   at System.Data.Entity.Core.Objects.ELinq.ExpressionConverter.EqualsTranslator.TypedTranslate(ExpressionConverter parent, BinaryExpression linq)
   at System.Data.Entity.Core.Objects.ELinq.ExpressionConverter.TypedTranslator`1.Translate(ExpressionConverter parent, Expression linq)
   at System.Data.Entity.Core.Objects.ELinq.ExpressionConverter.TranslateExpression(Expression linq)
   at System.Data.Entity.Core.Objects.ELinq.ExpressionConverter.TranslateLambda(LambdaExpression lambda, DbExpression input)
   at System.Data.Entity.Core.Objects.ELinq.ExpressionConverter.TranslateLambda(LambdaExpression lambda, DbExpression input, DbExpressionBinding& binding)
   at System.Data.Entity.Core.Objects.ELinq.ExpressionConverter.MethodCallTranslator.OneLambdaTranslator.Translate(ExpressionConverter parent, MethodCallExpression call, DbExpression& source, DbExpressionBinding& sourceBinding, DbExpression& lambda)
   at System.Data.Entity.Core.Objects.ELinq.ExpressionConverter.MethodCallTranslator.OneLambdaTranslator.Translate(ExpressionConverter parent, MethodCallExpression call)
   at System.Data.Entity.Core.Objects.ELinq.ExpressionConverter.MethodCallTranslator.SequenceMethodTranslator.Translate(ExpressionConverter parent, MethodCallExpression call, SequenceMethod sequenceMethod)
   at System.Data.Entity.Core.Objects.ELinq.ExpressionConverter.MethodCallTranslator.TypedTranslate(ExpressionConverter parent, MethodCallExpression linq)
   at System.Data.Entity.Core.Objects.ELinq.ExpressionConverter.TypedTranslator`1.Translate(ExpressionConverter parent, Expression linq)
   at System.Data.Entity.Core.Objects.ELinq.ExpressionConverter.TranslateExpression(Expression linq)
   at System.Data.Entity.Core.Objects.ELinq.ExpressionConverter.MethodCallTranslator.UnarySequenceMethodTranslator.Translate(ExpressionConverter parent, MethodCallExpression call)
   at System.Data.Entity.Core.Objects.ELinq.ExpressionConverter.MethodCallTranslator.SequenceMethodTranslator.Translate(ExpressionConverter parent, MethodCallExpression call, SequenceMethod sequenceMethod)
   at System.Data.Entity.Core.Objects.ELinq.ExpressionConverter.MethodCallTranslator.TypedTranslate(ExpressionConverter parent, MethodCallExpression linq)
   at System.Data.Entity.Core.Objects.ELinq.ExpressionConverter.TypedTranslator`1.Translate(ExpressionConverter parent, Expression linq)
   at System.Data.Entity.Core.Objects.ELinq.ExpressionConverter.TranslateExpression(Expression linq)
   at System.Data.Entity.Core.Objects.ELinq.ExpressionConverter.Convert()
   at System.Data.Entity.Core.Objects.ELinq.ELinqQueryState.GetExecutionPlan(Nullable`1 forMergeOption)
   at System.Data.Entity.Core.Objects.ObjectQuery`1.<>c__DisplayClass7.<GetResults>b__6()
   at System.Data.Entity.Core.Objects.ObjectContext.ExecuteInTransaction[T](Func`1 func, IDbExecutionStrategy executionStrategy, Boolean startLocalTransaction, Boolean releaseConnectionOnSuccess)
   at System.Data.Entity.Core.Objects.ObjectQuery`1.<>c__DisplayClass7.<GetResults>b__5()
   at System.Data.Entity.SqlServer.DefaultSqlExecutionStrategy.Execute[TResult](Func`1 operation)
   at System.Data.Entity.Core.Objects.ObjectQuery`1.GetResults(Nullable`1 forMergeOption)
   at System.Data.Entity.Core.Objects.ObjectQuery`1.<System.Collections.Generic.IEnumerable<T>.GetEnumerator>b__0()
   at System.Data.Entity.Internal.LazyEnumerator`1.MoveNext()
   at System.Linq.Enumerable.FirstOrDefault[TSource](IEnumerable`1 source)
   at System.Data.Entity.Core.Objects.ELinq.ObjectQueryProvider.<GetElementFunction>b__1[TResult](IEnumerable`1 sequence)
   at System.Data.Entity.Core.Objects.ELinq.ObjectQueryProvider.ExecuteSingle[TResult](IEnumerable`1 query, Expression queryRoot)
   at System.Data.Entity.Core.Objects.ELinq.ObjectQueryProvider.System.Linq.IQueryProvider.Execute[TResult](Expression expression)
   at System.Data.Entity.Internal.Linq.DbQueryProvider.Execute[TResult](Expression expression)
   at System.Linq.Queryable.FirstOrDefault[TSource](IQueryable`1 source)
   at Tricone.Controllers.CartController.postCart(List`1 model, FormCollection pesan) in D:\ASPNet MVC\template bootstrap\Tricone\Tricone\Controllers\CartController.cs:line 125', CAST(N'2021-01-26T19:38:16.947' AS DateTime), N'LINQ to Entities does not recognize the method ''Int32 ToInt32(Int32)'' method, and this method cannot be translated into a store expression.', CAST(N'2021-01-26T19:38:16.947' AS DateTime), CAST(N'2021-01-26T19:38:16.947' AS DateTime), NULL)
INSERT [dbo].[TBL_EROR_LOG] ([ID_LOG], [ID_USER], [EROR_LINE], [EROR_TIME], [EROR_DESCRIPTION], [CREATED_DATE], [MODIFIED_DATE], [pathfileerror]) VALUES (13, N'3', N'StackTrace:    at System.Data.Entity.Internal.InternalContext.SaveChanges()
   at System.Data.Entity.Internal.LazyInternalContext.SaveChanges()
   at System.Data.Entity.DbContext.SaveChanges()
   at Tricone.Controllers.PilihSupirController.AddorEdit(MS_PROVINSI prov) in D:\ASPNet MVC\template bootstrap\Tricone\Tricone\Controllers\PilihSupirController.cs:line 163', CAST(N'2021-01-27T19:37:03.077' AS DateTime), N'Validation failed for one or more entities. See ''EntityValidationErrors'' property for more details.', CAST(N'2021-01-27T19:37:03.077' AS DateTime), CAST(N'2021-01-27T19:37:03.077' AS DateTime), NULL)
SET IDENTITY_INSERT [dbo].[TBL_EROR_LOG] OFF
GO
SET IDENTITY_INSERT [dbo].[TBL_FAQ] ON 

INSERT [dbo].[TBL_FAQ] ([ID_FAQ], [PERTANYAAN], [JAWABAN], [CREATED_DATE], [MODIFIED_DATE]) VALUES (1, N'Can I rent a vehicle on Tricone Travel?', N'Yes, of course you can, we provide a large selection of vehicles that can be rented. We work with various vendors and PO                         to provide vehicles in the form of elves, medium buses and big buses. You can order a vehicle on the "Book Now" page.', CAST(N'2021-01-28T10:31:10.970' AS DateTime), CAST(N'2021-01-28T10:31:10.970' AS DateTime))
INSERT [dbo].[TBL_FAQ] ([ID_FAQ], [PERTANYAAN], [JAWABAN], [CREATED_DATE], [MODIFIED_DATE]) VALUES (5, N' Are the prices on Tricone Travel cheaper than Vendor or PO prices?', N'That''s right, Tricone Travel gives a lower price than the vendor or PO. We will always provide discounts to all customers.', CAST(N'2021-01-28T11:07:29.120' AS DateTime), CAST(N'2021-01-28T11:07:29.120' AS DateTime))
INSERT [dbo].[TBL_FAQ] ([ID_FAQ], [PERTANYAAN], [JAWABAN], [CREATED_DATE], [MODIFIED_DATE]) VALUES (6, N'Book through Tricone Travel website safe?', N'Of course, we are very committed to consumer trust. We even provide you with a 100% money back guarantee. If you have any doubts, take a look at our testimonials and client list.', CAST(N'2021-01-28T11:07:50.040' AS DateTime), CAST(N'2021-01-28T11:07:50.040' AS DateTime))
INSERT [dbo].[TBL_FAQ] ([ID_FAQ], [PERTANYAAN], [JAWABAN], [CREATED_DATE], [MODIFIED_DATE]) VALUES (7, N'Is there an invoice?', N'Of course, we prepare an invoice for each transaction without your asking.', CAST(N'2021-01-28T11:08:10.083' AS DateTime), CAST(N'2021-01-28T11:08:10.083' AS DateTime))
INSERT [dbo].[TBL_FAQ] ([ID_FAQ], [PERTANYAAN], [JAWABAN], [CREATED_DATE], [MODIFIED_DATE]) VALUES (8, N'Can I receive a refund?', N'Of course, Tricone Travel has a refund feature, customers can apply for a refund by agreeing to the terms and policies applicable to Tricone Travel.', CAST(N'2021-01-28T11:08:27.237' AS DateTime), CAST(N'2021-01-28T11:08:27.237' AS DateTime))
INSERT [dbo].[TBL_FAQ] ([ID_FAQ], [PERTANYAAN], [JAWABAN], [CREATED_DATE], [MODIFIED_DATE]) VALUES (9, N'How do I contact the company if my question is not answered here?', N'You can ask the contact us menu at the bottom of the website page.', CAST(N'2021-01-28T11:09:28.103' AS DateTime), CAST(N'2021-01-28T11:09:28.103' AS DateTime))
SET IDENTITY_INSERT [dbo].[TBL_FAQ] OFF
GO
SET IDENTITY_INSERT [dbo].[TBL_MEMBER] ON 

INSERT [dbo].[TBL_MEMBER] ([ID_MEMBER], [NAMA_MEMBER], [ALAMAT], [NO_TELEPON], [EMAIL], [USERNAME], [PASSWORD], [STATUS], [ISEMAILVERIFIED], [ACTIVATIONCODE], [RESETPASSWORD], [ROLEMEMBER], [CREATED_DATE], [MODIFIED_DATE]) VALUES (3, N'widiyanto', N'Medan Satria, Bekasi Kota, Jawa Barat', N'082267281970', N'akangwidiyanto@gmail.com', N'widiyanto', N'i7DPbrmxfQ99IrRW8SElfcElTh8BZlNwR2OD6ndt9BQ=', 0, 1, N'800f5eec-0a8a-4ebf-8add-8a30a1de9ed9', NULL, N'SUPERADMIN', NULL, NULL)
INSERT [dbo].[TBL_MEMBER] ([ID_MEMBER], [NAMA_MEMBER], [ALAMAT], [NO_TELEPON], [EMAIL], [USERNAME], [PASSWORD], [STATUS], [ISEMAILVERIFIED], [ACTIVATIONCODE], [RESETPASSWORD], [ROLEMEMBER], [CREATED_DATE], [MODIFIED_DATE]) VALUES (30, N'yudha', N'tangerang', N'081212621816', N'yudhabhakti602@gmail.com', N'yudha', N'i7DPbrmxfQ99IrRW8SElfcElTh8BZlNwR2OD6ndt9BQ=', 0, 1, N'e4baee37-22b2-4fd9-bada-b11b36ac0166', NULL, N'MEMBER', NULL, NULL)
SET IDENTITY_INSERT [dbo].[TBL_MEMBER] OFF
GO
SET IDENTITY_INSERT [dbo].[TBL_PROMO] ON 

INSERT [dbo].[TBL_PROMO] ([ID_PROMO], [KODE_PROMO], [PERSEN], [CREATED_DATE], [MODIFIED_DATE], [STARTDATE], [ENDDATE], [FOTO_PROMO]) VALUES (1, N'MAUPERGI', 10, CAST(N'2021-01-05T18:18:13.263' AS DateTime), CAST(N'2021-01-25T10:34:35.893' AS DateTime), CAST(N'2021-01-25T00:00:00.000' AS DateTime), CAST(N'2021-02-28T00:00:00.000' AS DateTime), N'10persen20210125103435891.jpg')
INSERT [dbo].[TBL_PROMO] ([ID_PROMO], [KODE_PROMO], [PERSEN], [CREATED_DATE], [MODIFIED_DATE], [STARTDATE], [ENDDATE], [FOTO_PROMO]) VALUES (2, N'KEMANAAJA', 5, CAST(N'2021-01-05T18:18:15.333' AS DateTime), CAST(N'2021-01-25T10:34:15.490' AS DateTime), CAST(N'2021-01-25T00:00:00.000' AS DateTime), CAST(N'2021-02-28T00:00:00.000' AS DateTime), N'5persen20210125103415489.png')
INSERT [dbo].[TBL_PROMO] ([ID_PROMO], [KODE_PROMO], [PERSEN], [CREATED_DATE], [MODIFIED_DATE], [STARTDATE], [ENDDATE], [FOTO_PROMO]) VALUES (3, N'KAPANPUN', 15, CAST(N'2021-01-05T18:23:17.547' AS DateTime), CAST(N'2021-01-25T10:33:49.003' AS DateTime), CAST(N'2021-01-25T00:00:00.000' AS DateTime), CAST(N'2021-02-28T00:00:00.000' AS DateTime), N'15-persen20210125103349002.jpg')
SET IDENTITY_INSERT [dbo].[TBL_PROMO] OFF
GO
SET IDENTITY_INSERT [dbo].[TBL_TESTIMONI] ON 

INSERT [dbo].[TBL_TESTIMONI] ([ID_TESTIMONI], [NAMA], [EMAIL_FROM], [EMAIL_TO], [SUBJECT], [MESSAGE], [STATUS], [CREATED_DATE], [MODIFIED_DATE]) VALUES (1, N'Pelita', N'pelitanusantara@gmail.com', NULL, N'good seller', N'"Alhamdulillah, our family can have a New Year''s holiday by renting Hiace here ... the fleet is good, clean, the latest and the price is cheap "', 1, CAST(N'2021-01-24T21:10:30.603' AS DateTime), CAST(N'2021-01-26T12:48:14.017' AS DateTime))
INSERT [dbo].[TBL_TESTIMONI] ([ID_TESTIMONI], [NAMA], [EMAIL_FROM], [EMAIL_TO], [SUBJECT], [MESSAGE], [STATUS], [CREATED_DATE], [MODIFIED_DATE]) VALUES (2, N'Allianz', N'zoro@gmail.com', NULL, N'good seller', N'"Thank you Tricone Travel, great experience, warm service, humble guide, well-structured schedule, and affordable prices"', 1, CAST(N'2021-01-24T21:15:03.640' AS DateTime), CAST(N'2021-01-25T01:57:33.003' AS DateTime))
INSERT [dbo].[TBL_TESTIMONI] ([ID_TESTIMONI], [NAMA], [EMAIL_FROM], [EMAIL_TO], [SUBJECT], [MESSAGE], [STATUS], [CREATED_DATE], [MODIFIED_DATE]) VALUES (3, N'Wahyu', N'yuli@gmail.com', NULL, N'good car rental', N'"
Thank you, Tricone Travel. My friends and I can have a year-end and new year holiday in Bandung with satisfaction and comfort. The driver is patient and polite. Tomorrow if I need more I will let you know and I will definitely recommend it to my friends"', 1, CAST(N'2021-01-24T21:16:56.540' AS DateTime), CAST(N'2021-01-25T01:57:31.140' AS DateTime))
SET IDENTITY_INSERT [dbo].[TBL_TESTIMONI] OFF
GO
